,image_id,label,variety,age
0,200001.jpg,hispa,,
1,200002.jpg,normal,,
2,200003.jpg,blast,,
3,200004.jpg,blast,,
4,200005.jpg,blast,,
5,200006.jpg,brown_spot,,
6,200007.jpg,dead_heart,,
7,200008.jpg,normal,,
8,200009.jpg,hispa,,
9,200010.jpg,normal,,
10,200011.jpg,dead_heart,,
11,200012.jpg,hispa,,
12,200013.jpg,normal,,
13,200014.jpg,dead_heart,,
14,200015.jpg,normal,,
15,200016.jpg,blast,,
16,200017.jpg,blast,,
17,200018.jpg,hispa,,
18,200019.jpg,dead_heart,,
19,200020.jpg,dead_heart,,
20,200021.jpg,bacterial_panicle_blight,,
21,200022.jpg,tungro,,
22,200023.jpg,bacterial_leaf_blight,,
23,200024.jpg,blast,,
24,200025.jpg,blast,,
25,200026.jpg,hispa,,
26,200027.jpg,blast,,
27,200028.jpg,brown_spot,,
28,200029.jpg,dead_heart,,
29,200030.jpg,bacterial_leaf_streak,,
30,200031.jpg,hispa,,
31,200032.jpg,dead_heart,,
32,200033.jpg,brown_spot,,
33,200034.jpg,brown_spot,,
34,200035.jpg,dead_heart,,
35,200036.jpg,hispa,,
36,200037.jpg,bacterial_leaf_blight,,
37,200038.jpg,tungro,,
38,200039.jpg,dead_heart,,
39,200040.jpg,tungro,,
40,200041.jpg,tungro,,
41,200042.jpg,hispa,,
42,200043.jpg,bacterial_leaf_streak,,
43,200044.jpg,hispa,,
44,200045.jpg,bacterial_leaf_blight,,
45,200046.jpg,bacterial_leaf_blight,,
46,200047.jpg,blast,,
47,200048.jpg,brown_spot,,
48,200049.jpg,bacterial_panicle_blight,,
49,200050.jpg,dead_heart,,
50,200051.jpg,blast,,
51,200052.jpg,tungro,,
52,200053.jpg,tungro,,
53,200054.jpg,normal,,
54,200055.jpg,hispa,,
55,200056.jpg,brown_spot,,
56,200057.jpg,hispa,,
57,200058.jpg,tungro,,
58,200059.jpg,bacterial_leaf_blight,,
59,200060.jpg,hispa,,
60,200061.jpg,dead_heart,,
61,200062.jpg,tungro,,
62,200063.jpg,brown_spot,,
63,200064.jpg,tungro,,
64,200065.jpg,tungro,,
65,200066.jpg,tungro,,
66,200067.jpg,brown_spot,,
67,200068.jpg,blast,,
68,200069.jpg,dead_heart,,
69,200070.jpg,dead_heart,,
70,200071.jpg,blast,,
71,200072.jpg,dead_heart,,
72,200073.jpg,downy_mildew,,
73,200074.jpg,downy_mildew,,
74,200075.jpg,dead_heart,,
75,200076.jpg,normal,,
76,200077.jpg,normal,,
77,200078.jpg,bacterial_leaf_blight,,
78,200079.jpg,tungro,,
79,200080.jpg,brown_spot,,
80,200081.jpg,dead_heart,,
81,200082.jpg,dead_heart,,
82,200083.jpg,bacterial_panicle_blight,,
83,200084.jpg,dead_heart,,
84,200085.jpg,downy_mildew,,
85,200086.jpg,tungro,,
86,200087.jpg,dead_heart,,
87,200088.jpg,normal,,
88,200089.jpg,blast,,
89,200090.jpg,blast,,
90,200091.jpg,hispa,,
91,200092.jpg,hispa,,
92,200093.jpg,hispa,,
93,200094.jpg,normal,,
94,200095.jpg,hispa,,
95,200096.jpg,tungro,,
96,200097.jpg,tungro,,
97,200098.jpg,tungro,,
98,200099.jpg,dead_heart,,
99,200100.jpg,bacterial_leaf_blight,,
100,200101.jpg,dead_heart,,
101,200102.jpg,hispa,,
102,200103.jpg,hispa,,
103,200104.jpg,dead_heart,,
104,200105.jpg,normal,,
105,200106.jpg,blast,,
106,200107.jpg,brown_spot,,
107,200108.jpg,tungro,,
108,200109.jpg,tungro,,
109,200110.jpg,blast,,
110,200111.jpg,hispa,,
111,200112.jpg,blast,,
112,200113.jpg,normal,,
113,200114.jpg,hispa,,
114,200115.jpg,dead_heart,,
115,200116.jpg,hispa,,
116,200117.jpg,normal,,
117,200118.jpg,dead_heart,,
118,200119.jpg,bacterial_panicle_blight,,
119,200120.jpg,normal,,
120,200121.jpg,dead_heart,,
121,200122.jpg,blast,,
122,200123.jpg,hispa,,
123,200124.jpg,blast,,
124,200125.jpg,blast,,
125,200126.jpg,hispa,,
126,200127.jpg,blast,,
127,200128.jpg,downy_mildew,,
128,200129.jpg,blast,,
129,200130.jpg,bacterial_panicle_blight,,
130,200131.jpg,brown_spot,,
131,200132.jpg,normal,,
132,200133.jpg,hispa,,
133,200134.jpg,normal,,
134,200135.jpg,downy_mildew,,
135,200136.jpg,brown_spot,,
136,200137.jpg,bacterial_panicle_blight,,
137,200138.jpg,brown_spot,,
138,200139.jpg,blast,,
139,200140.jpg,hispa,,
140,200141.jpg,dead_heart,,
141,200142.jpg,normal,,
142,200143.jpg,blast,,
143,200144.jpg,blast,,
144,200145.jpg,blast,,
145,200146.jpg,normal,,
146,200147.jpg,blast,,
147,200148.jpg,blast,,
148,200149.jpg,dead_heart,,
149,200150.jpg,dead_heart,,
150,200151.jpg,hispa,,
151,200152.jpg,blast,,
152,200153.jpg,downy_mildew,,
153,200154.jpg,dead_heart,,
154,200155.jpg,downy_mildew,,
155,200156.jpg,bacterial_leaf_streak,,
156,200157.jpg,normal,,
157,200158.jpg,tungro,,
158,200159.jpg,tungro,,
159,200160.jpg,tungro,,
160,200161.jpg,tungro,,
161,200162.jpg,hispa,,
162,200163.jpg,dead_heart,,
163,200164.jpg,bacterial_leaf_streak,,
164,200165.jpg,hispa,,
165,200166.jpg,dead_heart,,
166,200167.jpg,blast,,
167,200168.jpg,tungro,,
168,200169.jpg,normal,,
169,200170.jpg,brown_spot,,
170,200171.jpg,dead_heart,,
171,200172.jpg,blast,,
172,200173.jpg,normal,,
173,200174.jpg,hispa,,
174,200175.jpg,dead_heart,,
175,200176.jpg,brown_spot,,
176,200177.jpg,bacterial_leaf_blight,,
177,200178.jpg,tungro,,
178,200179.jpg,tungro,,
179,200180.jpg,brown_spot,,
180,200181.jpg,bacterial_leaf_streak,,
181,200182.jpg,downy_mildew,,
182,200183.jpg,normal,,
183,200184.jpg,blast,,
184,200185.jpg,tungro,,
185,200186.jpg,blast,,
186,200187.jpg,hispa,,
187,200188.jpg,blast,,
188,200189.jpg,dead_heart,,
189,200190.jpg,tungro,,
190,200191.jpg,blast,,
191,200192.jpg,normal,,
192,200193.jpg,normal,,
193,200194.jpg,brown_spot,,
194,200195.jpg,brown_spot,,
195,200196.jpg,dead_heart,,
196,200197.jpg,normal,,
197,200198.jpg,blast,,
198,200199.jpg,tungro,,
199,200200.jpg,dead_heart,,
200,200201.jpg,tungro,,
201,200202.jpg,blast,,
202,200203.jpg,blast,,
203,200204.jpg,downy_mildew,,
204,200205.jpg,blast,,
205,200206.jpg,normal,,
206,200207.jpg,bacterial_leaf_streak,,
207,200208.jpg,brown_spot,,
208,200209.jpg,hispa,,
209,200210.jpg,tungro,,
210,200211.jpg,tungro,,
211,200212.jpg,tungro,,
212,200213.jpg,normal,,
213,200214.jpg,blast,,
214,200215.jpg,blast,,
215,200216.jpg,brown_spot,,
216,200217.jpg,dead_heart,,
217,200218.jpg,blast,,
218,200219.jpg,normal,,
219,200220.jpg,downy_mildew,,
220,200221.jpg,dead_heart,,
221,200222.jpg,hispa,,
222,200223.jpg,dead_heart,,
223,200224.jpg,normal,,
224,200225.jpg,hispa,,
225,200226.jpg,normal,,
226,200227.jpg,dead_heart,,
227,200228.jpg,blast,,
228,200229.jpg,downy_mildew,,
229,200230.jpg,downy_mildew,,
230,200231.jpg,brown_spot,,
231,200232.jpg,normal,,
232,200233.jpg,blast,,
233,200234.jpg,blast,,
234,200235.jpg,tungro,,
235,200236.jpg,dead_heart,,
236,200237.jpg,brown_spot,,
237,200238.jpg,tungro,,
238,200239.jpg,hispa,,
239,200240.jpg,brown_spot,,
240,200241.jpg,hispa,,
241,200242.jpg,brown_spot,,
242,200243.jpg,blast,,
243,200244.jpg,hispa,,
244,200245.jpg,hispa,,
245,200246.jpg,blast,,
246,200247.jpg,blast,,
247,200248.jpg,normal,,
248,200249.jpg,bacterial_panicle_blight,,
249,200250.jpg,blast,,
250,200251.jpg,downy_mildew,,
251,200252.jpg,brown_spot,,
252,200253.jpg,bacterial_panicle_blight,,
253,200254.jpg,dead_heart,,
254,200255.jpg,blast,,
255,200256.jpg,blast,,
256,200257.jpg,blast,,
257,200258.jpg,hispa,,
258,200259.jpg,dead_heart,,
259,200260.jpg,blast,,
260,200261.jpg,bacterial_leaf_blight,,
261,200262.jpg,bacterial_leaf_streak,,
262,200263.jpg,brown_spot,,
263,200264.jpg,normal,,
264,200265.jpg,normal,,
265,200266.jpg,blast,,
266,200267.jpg,tungro,,
267,200268.jpg,normal,,
268,200269.jpg,hispa,,
269,200270.jpg,blast,,
270,200271.jpg,tungro,,
271,200272.jpg,bacterial_leaf_streak,,
272,200273.jpg,normal,,
273,200274.jpg,tungro,,
274,200275.jpg,normal,,
275,200276.jpg,dead_heart,,
276,200277.jpg,normal,,
277,200278.jpg,bacterial_leaf_blight,,
278,200279.jpg,bacterial_leaf_streak,,
279,200280.jpg,hispa,,
280,200281.jpg,bacterial_panicle_blight,,
281,200282.jpg,normal,,
282,200283.jpg,hispa,,
283,200284.jpg,tungro,,
284,200285.jpg,normal,,
285,200286.jpg,normal,,
286,200287.jpg,blast,,
287,200288.jpg,normal,,
288,200289.jpg,blast,,
289,200290.jpg,normal,,
290,200291.jpg,brown_spot,,
291,200292.jpg,hispa,,
292,200293.jpg,normal,,
293,200294.jpg,hispa,,
294,200295.jpg,tungro,,
295,200296.jpg,normal,,
296,200297.jpg,blast,,
297,200298.jpg,blast,,
298,200299.jpg,normal,,
299,200300.jpg,blast,,
300,200301.jpg,tungro,,
301,200302.jpg,dead_heart,,
302,200303.jpg,tungro,,
303,200304.jpg,tungro,,
304,200305.jpg,dead_heart,,
305,200306.jpg,blast,,
306,200307.jpg,blast,,
307,200308.jpg,normal,,
308,200309.jpg,bacterial_panicle_blight,,
309,200310.jpg,tungro,,
310,200311.jpg,normal,,
311,200312.jpg,normal,,
312,200313.jpg,normal,,
313,200314.jpg,hispa,,
314,200315.jpg,blast,,
315,200316.jpg,downy_mildew,,
316,200317.jpg,hispa,,
317,200318.jpg,dead_heart,,
318,200319.jpg,normal,,
319,200320.jpg,hispa,,
320,200321.jpg,hispa,,
321,200322.jpg,dead_heart,,
322,200323.jpg,normal,,
323,200324.jpg,normal,,
324,200325.jpg,tungro,,
325,200326.jpg,blast,,
326,200327.jpg,bacterial_leaf_streak,,
327,200328.jpg,hispa,,
328,200329.jpg,dead_heart,,
329,200330.jpg,blast,,
330,200331.jpg,dead_heart,,
331,200332.jpg,tungro,,
332,200333.jpg,hispa,,
333,200334.jpg,brown_spot,,
334,200335.jpg,bacterial_panicle_blight,,
335,200336.jpg,normal,,
336,200337.jpg,normal,,
337,200338.jpg,hispa,,
338,200339.jpg,dead_heart,,
339,200340.jpg,dead_heart,,
340,200341.jpg,blast,,
341,200342.jpg,bacterial_leaf_streak,,
342,200343.jpg,brown_spot,,
343,200344.jpg,blast,,
344,200345.jpg,blast,,
345,200346.jpg,brown_spot,,
346,200347.jpg,hispa,,
347,200348.jpg,hispa,,
348,200349.jpg,tungro,,
349,200350.jpg,bacterial_leaf_blight,,
350,200351.jpg,blast,,
351,200352.jpg,blast,,
352,200353.jpg,blast,,
353,200354.jpg,normal,,
354,200355.jpg,downy_mildew,,
355,200356.jpg,blast,,
356,200357.jpg,bacterial_leaf_streak,,
357,200358.jpg,hispa,,
358,200359.jpg,normal,,
359,200360.jpg,blast,,
360,200361.jpg,brown_spot,,
361,200362.jpg,dead_heart,,
362,200363.jpg,downy_mildew,,
363,200364.jpg,dead_heart,,
364,200365.jpg,normal,,
365,200366.jpg,blast,,
366,200367.jpg,normal,,
367,200368.jpg,normal,,
368,200369.jpg,blast,,
369,200370.jpg,hispa,,
370,200371.jpg,tungro,,
371,200372.jpg,normal,,
372,200373.jpg,normal,,
373,200374.jpg,blast,,
374,200375.jpg,blast,,
375,200376.jpg,normal,,
376,200377.jpg,blast,,
377,200378.jpg,dead_heart,,
378,200379.jpg,blast,,
379,200380.jpg,normal,,
380,200381.jpg,normal,,
381,200382.jpg,normal,,
382,200383.jpg,normal,,
383,200384.jpg,bacterial_panicle_blight,,
384,200385.jpg,hispa,,
385,200386.jpg,normal,,
386,200387.jpg,dead_heart,,
387,200388.jpg,blast,,
388,200389.jpg,dead_heart,,
389,200390.jpg,normal,,
390,200391.jpg,brown_spot,,
391,200392.jpg,normal,,
392,200393.jpg,bacterial_panicle_blight,,
393,200394.jpg,blast,,
394,200395.jpg,hispa,,
395,200396.jpg,tungro,,
396,200397.jpg,blast,,
397,200398.jpg,blast,,
398,200399.jpg,brown_spot,,
399,200400.jpg,tungro,,
400,200401.jpg,dead_heart,,
401,200402.jpg,normal,,
402,200403.jpg,hispa,,
403,200404.jpg,hispa,,
404,200405.jpg,brown_spot,,
405,200406.jpg,tungro,,
406,200407.jpg,hispa,,
407,200408.jpg,dead_heart,,
408,200409.jpg,tungro,,
409,200410.jpg,normal,,
410,200411.jpg,hispa,,
411,200412.jpg,tungro,,
412,200413.jpg,hispa,,
413,200414.jpg,dead_heart,,
414,200415.jpg,bacterial_leaf_streak,,
415,200416.jpg,blast,,
416,200417.jpg,hispa,,
417,200418.jpg,hispa,,
418,200419.jpg,hispa,,
419,200420.jpg,normal,,
420,200421.jpg,hispa,,
421,200422.jpg,hispa,,
422,200423.jpg,hispa,,
423,200424.jpg,tungro,,
424,200425.jpg,normal,,
425,200426.jpg,bacterial_panicle_blight,,
426,200427.jpg,brown_spot,,
427,200428.jpg,downy_mildew,,
428,200429.jpg,dead_heart,,
429,200430.jpg,hispa,,
430,200431.jpg,normal,,
431,200432.jpg,bacterial_panicle_blight,,
432,200433.jpg,hispa,,
433,200434.jpg,bacterial_leaf_blight,,
434,200435.jpg,hispa,,
435,200436.jpg,downy_mildew,,
436,200437.jpg,dead_heart,,
437,200438.jpg,normal,,
438,200439.jpg,brown_spot,,
439,200440.jpg,brown_spot,,
440,200441.jpg,tungro,,
441,200442.jpg,dead_heart,,
442,200443.jpg,bacterial_panicle_blight,,
443,200444.jpg,downy_mildew,,
444,200445.jpg,dead_heart,,
445,200446.jpg,blast,,
446,200447.jpg,normal,,
447,200448.jpg,blast,,
448,200449.jpg,blast,,
449,200450.jpg,dead_heart,,
450,200451.jpg,dead_heart,,
451,200452.jpg,brown_spot,,
452,200453.jpg,tungro,,
453,200454.jpg,blast,,
454,200455.jpg,hispa,,
455,200456.jpg,normal,,
456,200457.jpg,hispa,,
457,200458.jpg,blast,,
458,200459.jpg,normal,,
459,200460.jpg,hispa,,
460,200461.jpg,brown_spot,,
461,200462.jpg,hispa,,
462,200463.jpg,blast,,
463,200464.jpg,hispa,,
464,200465.jpg,brown_spot,,
465,200466.jpg,tungro,,
466,200467.jpg,normal,,
467,200468.jpg,bacterial_leaf_streak,,
468,200469.jpg,blast,,
469,200470.jpg,normal,,
470,200471.jpg,tungro,,
471,200472.jpg,hispa,,
472,200473.jpg,normal,,
473,200474.jpg,tungro,,
474,200475.jpg,brown_spot,,
475,200476.jpg,dead_heart,,
476,200477.jpg,blast,,
477,200478.jpg,blast,,
478,200479.jpg,normal,,
479,200480.jpg,dead_heart,,
480,200481.jpg,normal,,
481,200482.jpg,blast,,
482,200483.jpg,dead_heart,,
483,200484.jpg,tungro,,
484,200485.jpg,dead_heart,,
485,200486.jpg,hispa,,
486,200487.jpg,hispa,,
487,200488.jpg,tungro,,
488,200489.jpg,normal,,
489,200490.jpg,dead_heart,,
490,200491.jpg,blast,,
491,200492.jpg,tungro,,
492,200493.jpg,dead_heart,,
493,200494.jpg,blast,,
494,200495.jpg,blast,,
495,200496.jpg,bacterial_leaf_blight,,
496,200497.jpg,normal,,
497,200498.jpg,blast,,
498,200499.jpg,blast,,
499,200500.jpg,hispa,,
500,200501.jpg,normal,,
501,200502.jpg,blast,,
502,200503.jpg,hispa,,
503,200504.jpg,blast,,
504,200505.jpg,hispa,,
505,200506.jpg,bacterial_panicle_blight,,
506,200507.jpg,blast,,
507,200508.jpg,dead_heart,,
508,200509.jpg,tungro,,
509,200510.jpg,tungro,,
510,200511.jpg,downy_mildew,,
511,200512.jpg,hispa,,
512,200513.jpg,normal,,
513,200514.jpg,blast,,
514,200515.jpg,hispa,,
515,200516.jpg,normal,,
516,200517.jpg,normal,,
517,200518.jpg,hispa,,
518,200519.jpg,brown_spot,,
519,200520.jpg,dead_heart,,
520,200521.jpg,blast,,
521,200522.jpg,blast,,
522,200523.jpg,hispa,,
523,200524.jpg,tungro,,
524,200525.jpg,blast,,
525,200526.jpg,hispa,,
526,200527.jpg,bacterial_panicle_blight,,
527,200528.jpg,dead_heart,,
528,200529.jpg,brown_spot,,
529,200530.jpg,normal,,
530,200531.jpg,hispa,,
531,200532.jpg,normal,,
532,200533.jpg,blast,,
533,200534.jpg,normal,,
534,200535.jpg,hispa,,
535,200536.jpg,blast,,
536,200537.jpg,normal,,
537,200538.jpg,dead_heart,,
538,200539.jpg,blast,,
539,200540.jpg,downy_mildew,,
540,200541.jpg,bacterial_leaf_blight,,
541,200542.jpg,dead_heart,,
542,200543.jpg,dead_heart,,
543,200544.jpg,hispa,,
544,200545.jpg,dead_heart,,
545,200546.jpg,normal,,
546,200547.jpg,hispa,,
547,200548.jpg,downy_mildew,,
548,200549.jpg,dead_heart,,
549,200550.jpg,tungro,,
550,200551.jpg,hispa,,
551,200552.jpg,blast,,
552,200553.jpg,bacterial_leaf_streak,,
553,200554.jpg,hispa,,
554,200555.jpg,hispa,,
555,200556.jpg,bacterial_panicle_blight,,
556,200557.jpg,hispa,,
557,200558.jpg,hispa,,
558,200559.jpg,hispa,,
559,200560.jpg,normal,,
560,200561.jpg,tungro,,
561,200562.jpg,blast,,
562,200563.jpg,hispa,,
563,200564.jpg,hispa,,
564,200565.jpg,tungro,,
565,200566.jpg,downy_mildew,,
566,200567.jpg,hispa,,
567,200568.jpg,bacterial_panicle_blight,,
568,200569.jpg,bacterial_leaf_blight,,
569,200570.jpg,bacterial_leaf_blight,,
570,200571.jpg,dead_heart,,
571,200572.jpg,normal,,
572,200573.jpg,dead_heart,,
573,200574.jpg,hispa,,
574,200575.jpg,normal,,
575,200576.jpg,brown_spot,,
576,200577.jpg,brown_spot,,
577,200578.jpg,dead_heart,,
578,200579.jpg,dead_heart,,
579,200580.jpg,blast,,
580,200581.jpg,blast,,
581,200582.jpg,normal,,
582,200583.jpg,brown_spot,,
583,200584.jpg,dead_heart,,
584,200585.jpg,blast,,
585,200586.jpg,blast,,
586,200587.jpg,dead_heart,,
587,200588.jpg,blast,,
588,200589.jpg,normal,,
589,200590.jpg,bacterial_leaf_blight,,
590,200591.jpg,blast,,
591,200592.jpg,normal,,
592,200593.jpg,tungro,,
593,200594.jpg,dead_heart,,
594,200595.jpg,blast,,
595,200596.jpg,hispa,,
596,200597.jpg,normal,,
597,200598.jpg,dead_heart,,
598,200599.jpg,brown_spot,,
599,200600.jpg,normal,,
600,200601.jpg,blast,,
601,200602.jpg,dead_heart,,
602,200603.jpg,dead_heart,,
603,200604.jpg,tungro,,
604,200605.jpg,dead_heart,,
605,200606.jpg,brown_spot,,
606,200607.jpg,hispa,,
607,200608.jpg,normal,,
608,200609.jpg,normal,,
609,200610.jpg,tungro,,
610,200611.jpg,tungro,,
611,200612.jpg,tungro,,
612,200613.jpg,tungro,,
613,200614.jpg,blast,,
614,200615.jpg,bacterial_leaf_blight,,
615,200616.jpg,brown_spot,,
616,200617.jpg,hispa,,
617,200618.jpg,hispa,,
618,200619.jpg,tungro,,
619,200620.jpg,bacterial_leaf_streak,,
620,200621.jpg,normal,,
621,200622.jpg,dead_heart,,
622,200623.jpg,blast,,
623,200624.jpg,hispa,,
624,200625.jpg,hispa,,
625,200626.jpg,normal,,
626,200627.jpg,hispa,,
627,200628.jpg,dead_heart,,
628,200629.jpg,tungro,,
629,200630.jpg,brown_spot,,
630,200631.jpg,downy_mildew,,
631,200632.jpg,dead_heart,,
632,200633.jpg,brown_spot,,
633,200634.jpg,hispa,,
634,200635.jpg,blast,,
635,200636.jpg,hispa,,
636,200637.jpg,bacterial_leaf_blight,,
637,200638.jpg,blast,,
638,200639.jpg,blast,,
639,200640.jpg,tungro,,
640,200641.jpg,blast,,
641,200642.jpg,dead_heart,,
642,200643.jpg,hispa,,
643,200644.jpg,brown_spot,,
644,200645.jpg,tungro,,
645,200646.jpg,tungro,,
646,200647.jpg,hispa,,
647,200648.jpg,dead_heart,,
648,200649.jpg,hispa,,
649,200650.jpg,dead_heart,,
650,200651.jpg,bacterial_leaf_blight,,
651,200652.jpg,brown_spot,,
652,200653.jpg,hispa,,
653,200654.jpg,blast,,
654,200655.jpg,brown_spot,,
655,200656.jpg,hispa,,
656,200657.jpg,blast,,
657,200658.jpg,dead_heart,,
658,200659.jpg,hispa,,
659,200660.jpg,dead_heart,,
660,200661.jpg,blast,,
661,200662.jpg,downy_mildew,,
662,200663.jpg,downy_mildew,,
663,200664.jpg,dead_heart,,
664,200665.jpg,downy_mildew,,
665,200666.jpg,hispa,,
666,200667.jpg,blast,,
667,200668.jpg,normal,,
668,200669.jpg,downy_mildew,,
669,200670.jpg,hispa,,
670,200671.jpg,bacterial_leaf_streak,,
671,200672.jpg,bacterial_panicle_blight,,
672,200673.jpg,normal,,
673,200674.jpg,normal,,
674,200675.jpg,hispa,,
675,200676.jpg,dead_heart,,
676,200677.jpg,normal,,
677,200678.jpg,hispa,,
678,200679.jpg,blast,,
679,200680.jpg,tungro,,
680,200681.jpg,blast,,
681,200682.jpg,tungro,,
682,200683.jpg,tungro,,
683,200684.jpg,normal,,
684,200685.jpg,normal,,
685,200686.jpg,tungro,,
686,200687.jpg,dead_heart,,
687,200688.jpg,bacterial_leaf_blight,,
688,200689.jpg,dead_heart,,
689,200690.jpg,brown_spot,,
690,200691.jpg,dead_heart,,
691,200692.jpg,dead_heart,,
692,200693.jpg,blast,,
693,200694.jpg,brown_spot,,
694,200695.jpg,blast,,
695,200696.jpg,normal,,
696,200697.jpg,bacterial_leaf_blight,,
697,200698.jpg,normal,,
698,200699.jpg,dead_heart,,
699,200700.jpg,blast,,
700,200701.jpg,blast,,
701,200702.jpg,tungro,,
702,200703.jpg,normal,,
703,200704.jpg,tungro,,
704,200705.jpg,hispa,,
705,200706.jpg,dead_heart,,
706,200707.jpg,tungro,,
707,200708.jpg,hispa,,
708,200709.jpg,dead_heart,,
709,200710.jpg,hispa,,
710,200711.jpg,normal,,
711,200712.jpg,normal,,
712,200713.jpg,blast,,
713,200714.jpg,downy_mildew,,
714,200715.jpg,tungro,,
715,200716.jpg,brown_spot,,
716,200717.jpg,bacterial_leaf_streak,,
717,200718.jpg,normal,,
718,200719.jpg,normal,,
719,200720.jpg,dead_heart,,
720,200721.jpg,dead_heart,,
721,200722.jpg,brown_spot,,
722,200723.jpg,hispa,,
723,200724.jpg,dead_heart,,
724,200725.jpg,hispa,,
725,200726.jpg,bacterial_panicle_blight,,
726,200727.jpg,tungro,,
727,200728.jpg,brown_spot,,
728,200729.jpg,blast,,
729,200730.jpg,bacterial_leaf_streak,,
730,200731.jpg,hispa,,
731,200732.jpg,downy_mildew,,
732,200733.jpg,blast,,
733,200734.jpg,brown_spot,,
734,200735.jpg,tungro,,
735,200736.jpg,blast,,
736,200737.jpg,hispa,,
737,200738.jpg,dead_heart,,
738,200739.jpg,downy_mildew,,
739,200740.jpg,normal,,
740,200741.jpg,dead_heart,,
741,200742.jpg,blast,,
742,200743.jpg,tungro,,
743,200744.jpg,blast,,
744,200745.jpg,downy_mildew,,
745,200746.jpg,normal,,
746,200747.jpg,normal,,
747,200748.jpg,downy_mildew,,
748,200749.jpg,blast,,
749,200750.jpg,bacterial_leaf_blight,,
750,200751.jpg,bacterial_leaf_streak,,
751,200752.jpg,bacterial_leaf_blight,,
752,200753.jpg,downy_mildew,,
753,200754.jpg,brown_spot,,
754,200755.jpg,normal,,
755,200756.jpg,bacterial_panicle_blight,,
756,200757.jpg,normal,,
757,200758.jpg,bacterial_panicle_blight,,
758,200759.jpg,blast,,
759,200760.jpg,downy_mildew,,
760,200761.jpg,hispa,,
761,200762.jpg,blast,,
762,200763.jpg,downy_mildew,,
763,200764.jpg,dead_heart,,
764,200765.jpg,hispa,,
765,200766.jpg,hispa,,
766,200767.jpg,blast,,
767,200768.jpg,dead_heart,,
768,200769.jpg,normal,,
769,200770.jpg,bacterial_leaf_streak,,
770,200771.jpg,bacterial_leaf_blight,,
771,200772.jpg,hispa,,
772,200773.jpg,bacterial_leaf_streak,,
773,200774.jpg,normal,,
774,200775.jpg,hispa,,
775,200776.jpg,dead_heart,,
776,200777.jpg,blast,,
777,200778.jpg,normal,,
778,200779.jpg,normal,,
779,200780.jpg,blast,,
780,200781.jpg,bacterial_leaf_streak,,
781,200782.jpg,blast,,
782,200783.jpg,dead_heart,,
783,200784.jpg,blast,,
784,200785.jpg,normal,,
785,200786.jpg,dead_heart,,
786,200787.jpg,tungro,,
787,200788.jpg,dead_heart,,
788,200789.jpg,blast,,
789,200790.jpg,hispa,,
790,200791.jpg,normal,,
791,200792.jpg,dead_heart,,
792,200793.jpg,brown_spot,,
793,200794.jpg,tungro,,
794,200795.jpg,normal,,
795,200796.jpg,normal,,
796,200797.jpg,normal,,
797,200798.jpg,downy_mildew,,
798,200799.jpg,dead_heart,,
799,200800.jpg,bacterial_leaf_blight,,
800,200801.jpg,hispa,,
801,200802.jpg,blast,,
802,200803.jpg,dead_heart,,
803,200804.jpg,tungro,,
804,200805.jpg,hispa,,
805,200806.jpg,tungro,,
806,200807.jpg,blast,,
807,200808.jpg,dead_heart,,
808,200809.jpg,downy_mildew,,
809,200810.jpg,hispa,,
810,200811.jpg,bacterial_panicle_blight,,
811,200812.jpg,normal,,
812,200813.jpg,normal,,
813,200814.jpg,normal,,
814,200815.jpg,dead_heart,,
815,200816.jpg,blast,,
816,200817.jpg,brown_spot,,
817,200818.jpg,blast,,
818,200819.jpg,blast,,
819,200820.jpg,brown_spot,,
820,200821.jpg,normal,,
821,200822.jpg,hispa,,
822,200823.jpg,brown_spot,,
823,200824.jpg,dead_heart,,
824,200825.jpg,tungro,,
825,200826.jpg,tungro,,
826,200827.jpg,normal,,
827,200828.jpg,blast,,
828,200829.jpg,blast,,
829,200830.jpg,blast,,
830,200831.jpg,bacterial_panicle_blight,,
831,200832.jpg,tungro,,
832,200833.jpg,blast,,
833,200834.jpg,hispa,,
834,200835.jpg,normal,,
835,200836.jpg,hispa,,
836,200837.jpg,brown_spot,,
837,200838.jpg,blast,,
838,200839.jpg,brown_spot,,
839,200840.jpg,tungro,,
840,200841.jpg,downy_mildew,,
841,200842.jpg,dead_heart,,
842,200843.jpg,hispa,,
843,200844.jpg,tungro,,
844,200845.jpg,bacterial_leaf_blight,,
845,200846.jpg,tungro,,
846,200847.jpg,bacterial_panicle_blight,,
847,200848.jpg,normal,,
848,200849.jpg,bacterial_panicle_blight,,
849,200850.jpg,dead_heart,,
850,200851.jpg,brown_spot,,
851,200852.jpg,normal,,
852,200853.jpg,bacterial_panicle_blight,,
853,200854.jpg,dead_heart,,
854,200855.jpg,dead_heart,,
855,200856.jpg,blast,,
856,200857.jpg,blast,,
857,200858.jpg,tungro,,
858,200859.jpg,tungro,,
859,200860.jpg,normal,,
860,200861.jpg,blast,,
861,200862.jpg,normal,,
862,200863.jpg,dead_heart,,
863,200864.jpg,bacterial_leaf_blight,,
864,200865.jpg,tungro,,
865,200866.jpg,blast,,
866,200867.jpg,tungro,,
867,200868.jpg,normal,,
868,200869.jpg,normal,,
869,200870.jpg,normal,,
870,200871.jpg,tungro,,
871,200872.jpg,bacterial_leaf_blight,,
872,200873.jpg,hispa,,
873,200874.jpg,bacterial_leaf_streak,,
874,200875.jpg,normal,,
875,200876.jpg,brown_spot,,
876,200877.jpg,tungro,,
877,200878.jpg,dead_heart,,
878,200879.jpg,blast,,
879,200880.jpg,hispa,,
880,200881.jpg,tungro,,
881,200882.jpg,normal,,
882,200883.jpg,dead_heart,,
883,200884.jpg,brown_spot,,
884,200885.jpg,hispa,,
885,200886.jpg,dead_heart,,
886,200887.jpg,dead_heart,,
887,200888.jpg,blast,,
888,200889.jpg,downy_mildew,,
889,200890.jpg,blast,,
890,200891.jpg,hispa,,
891,200892.jpg,normal,,
892,200893.jpg,normal,,
893,200894.jpg,blast,,
894,200895.jpg,dead_heart,,
895,200896.jpg,normal,,
896,200897.jpg,normal,,
897,200898.jpg,tungro,,
898,200899.jpg,dead_heart,,
899,200900.jpg,normal,,
900,200901.jpg,normal,,
901,200902.jpg,hispa,,
902,200903.jpg,hispa,,
903,200904.jpg,bacterial_panicle_blight,,
904,200905.jpg,hispa,,
905,200906.jpg,normal,,
906,200907.jpg,normal,,
907,200908.jpg,dead_heart,,
908,200909.jpg,normal,,
909,200910.jpg,dead_heart,,
910,200911.jpg,normal,,
911,200912.jpg,dead_heart,,
912,200913.jpg,dead_heart,,
913,200914.jpg,blast,,
914,200915.jpg,normal,,
915,200916.jpg,blast,,
916,200917.jpg,bacterial_leaf_blight,,
917,200918.jpg,tungro,,
918,200919.jpg,dead_heart,,
919,200920.jpg,downy_mildew,,
920,200921.jpg,normal,,
921,200922.jpg,blast,,
922,200923.jpg,normal,,
923,200924.jpg,normal,,
924,200925.jpg,bacterial_leaf_streak,,
925,200926.jpg,blast,,
926,200927.jpg,tungro,,
927,200928.jpg,normal,,
928,200929.jpg,brown_spot,,
929,200930.jpg,tungro,,
930,200931.jpg,dead_heart,,
931,200932.jpg,dead_heart,,
932,200933.jpg,dead_heart,,
933,200934.jpg,blast,,
934,200935.jpg,blast,,
935,200936.jpg,blast,,
936,200937.jpg,normal,,
937,200938.jpg,blast,,
938,200939.jpg,blast,,
939,200940.jpg,hispa,,
940,200941.jpg,blast,,
941,200942.jpg,blast,,
942,200943.jpg,hispa,,
943,200944.jpg,dead_heart,,
944,200945.jpg,dead_heart,,
945,200946.jpg,downy_mildew,,
946,200947.jpg,blast,,
947,200948.jpg,blast,,
948,200949.jpg,blast,,
949,200950.jpg,blast,,
950,200951.jpg,hispa,,
951,200952.jpg,bacterial_leaf_streak,,
952,200953.jpg,brown_spot,,
953,200954.jpg,hispa,,
954,200955.jpg,hispa,,
955,200956.jpg,brown_spot,,
956,200957.jpg,hispa,,
957,200958.jpg,tungro,,
958,200959.jpg,tungro,,
959,200960.jpg,dead_heart,,
960,200961.jpg,blast,,
961,200962.jpg,bacterial_leaf_streak,,
962,200963.jpg,blast,,
963,200964.jpg,blast,,
964,200965.jpg,normal,,
965,200966.jpg,dead_heart,,
966,200967.jpg,bacterial_leaf_streak,,
967,200968.jpg,blast,,
968,200969.jpg,blast,,
969,200970.jpg,bacterial_leaf_blight,,
970,200971.jpg,dead_heart,,
971,200972.jpg,bacterial_leaf_blight,,
972,200973.jpg,hispa,,
973,200974.jpg,hispa,,
974,200975.jpg,tungro,,
975,200976.jpg,normal,,
976,200977.jpg,normal,,
977,200978.jpg,bacterial_leaf_streak,,
978,200979.jpg,normal,,
979,200980.jpg,blast,,
980,200981.jpg,bacterial_panicle_blight,,
981,200982.jpg,tungro,,
982,200983.jpg,bacterial_leaf_streak,,
983,200984.jpg,normal,,
984,200985.jpg,hispa,,
985,200986.jpg,brown_spot,,
986,200987.jpg,bacterial_panicle_blight,,
987,200988.jpg,brown_spot,,
988,200989.jpg,hispa,,
989,200990.jpg,blast,,
990,200991.jpg,blast,,
991,200992.jpg,normal,,
992,200993.jpg,blast,,
993,200994.jpg,hispa,,
994,200995.jpg,brown_spot,,
995,200996.jpg,brown_spot,,
996,200997.jpg,dead_heart,,
997,200998.jpg,hispa,,
998,200999.jpg,hispa,,
999,201000.jpg,tungro,,
1000,201001.jpg,downy_mildew,,
1001,201002.jpg,tungro,,
1002,201003.jpg,tungro,,
1003,201004.jpg,normal,,
1004,201005.jpg,bacterial_leaf_blight,,
1005,201006.jpg,normal,,
1006,201007.jpg,normal,,
1007,201008.jpg,dead_heart,,
1008,201009.jpg,brown_spot,,
1009,201010.jpg,blast,,
1010,201011.jpg,tungro,,
1011,201012.jpg,normal,,
1012,201013.jpg,normal,,
1013,201014.jpg,blast,,
1014,201015.jpg,normal,,
1015,201016.jpg,dead_heart,,
1016,201017.jpg,blast,,
1017,201018.jpg,brown_spot,,
1018,201019.jpg,normal,,
1019,201020.jpg,hispa,,
1020,201021.jpg,hispa,,
1021,201022.jpg,dead_heart,,
1022,201023.jpg,tungro,,
1023,201024.jpg,bacterial_panicle_blight,,
1024,201025.jpg,blast,,
1025,201026.jpg,downy_mildew,,
1026,201027.jpg,normal,,
1027,201028.jpg,tungro,,
1028,201029.jpg,hispa,,
1029,201030.jpg,normal,,
1030,201031.jpg,bacterial_leaf_streak,,
1031,201032.jpg,downy_mildew,,
1032,201033.jpg,normal,,
1033,201034.jpg,brown_spot,,
1034,201035.jpg,tungro,,
1035,201036.jpg,tungro,,
1036,201037.jpg,normal,,
1037,201038.jpg,hispa,,
1038,201039.jpg,dead_heart,,
1039,201040.jpg,brown_spot,,
1040,201041.jpg,bacterial_panicle_blight,,
1041,201042.jpg,blast,,
1042,201043.jpg,downy_mildew,,
1043,201044.jpg,normal,,
1044,201045.jpg,hispa,,
1045,201046.jpg,dead_heart,,
1046,201047.jpg,normal,,
1047,201048.jpg,hispa,,
1048,201049.jpg,bacterial_leaf_blight,,
1049,201050.jpg,normal,,
1050,201051.jpg,brown_spot,,
1051,201052.jpg,brown_spot,,
1052,201053.jpg,blast,,
1053,201054.jpg,tungro,,
1054,201055.jpg,hispa,,
1055,201056.jpg,hispa,,
1056,201057.jpg,downy_mildew,,
1057,201058.jpg,hispa,,
1058,201059.jpg,tungro,,
1059,201060.jpg,bacterial_leaf_blight,,
1060,201061.jpg,bacterial_leaf_streak,,
1061,201062.jpg,hispa,,
1062,201063.jpg,normal,,
1063,201064.jpg,normal,,
1064,201065.jpg,blast,,
1065,201066.jpg,dead_heart,,
1066,201067.jpg,normal,,
1067,201068.jpg,tungro,,
1068,201069.jpg,normal,,
1069,201070.jpg,hispa,,
1070,201071.jpg,bacterial_panicle_blight,,
1071,201072.jpg,downy_mildew,,
1072,201073.jpg,blast,,
1073,201074.jpg,hispa,,
1074,201075.jpg,bacterial_leaf_blight,,
1075,201076.jpg,tungro,,
1076,201077.jpg,normal,,
1077,201078.jpg,downy_mildew,,
1078,201079.jpg,bacterial_leaf_streak,,
1079,201080.jpg,blast,,
1080,201081.jpg,brown_spot,,
1081,201082.jpg,hispa,,
1082,201083.jpg,blast,,
1083,201084.jpg,hispa,,
1084,201085.jpg,blast,,
1085,201086.jpg,dead_heart,,
1086,201087.jpg,dead_heart,,
1087,201088.jpg,blast,,
1088,201089.jpg,blast,,
1089,201090.jpg,brown_spot,,
1090,201091.jpg,normal,,
1091,201092.jpg,blast,,
1092,201093.jpg,normal,,
1093,201094.jpg,blast,,
1094,201095.jpg,blast,,
1095,201096.jpg,dead_heart,,
1096,201097.jpg,blast,,
1097,201098.jpg,downy_mildew,,
1098,201099.jpg,brown_spot,,
1099,201100.jpg,tungro,,
1100,201101.jpg,dead_heart,,
1101,201102.jpg,dead_heart,,
1102,201103.jpg,blast,,
1103,201104.jpg,downy_mildew,,
1104,201105.jpg,bacterial_panicle_blight,,
1105,201106.jpg,bacterial_leaf_streak,,
1106,201107.jpg,bacterial_leaf_streak,,
1107,201108.jpg,blast,,
1108,201109.jpg,brown_spot,,
1109,201110.jpg,hispa,,
1110,201111.jpg,blast,,
1111,201112.jpg,blast,,
1112,201113.jpg,hispa,,
1113,201114.jpg,hispa,,
1114,201115.jpg,downy_mildew,,
1115,201116.jpg,normal,,
1116,201117.jpg,downy_mildew,,
1117,201118.jpg,blast,,
1118,201119.jpg,blast,,
1119,201120.jpg,blast,,
1120,201121.jpg,tungro,,
1121,201122.jpg,blast,,
1122,201123.jpg,blast,,
1123,201124.jpg,tungro,,
1124,201125.jpg,dead_heart,,
1125,201126.jpg,tungro,,
1126,201127.jpg,normal,,
1127,201128.jpg,tungro,,
1128,201129.jpg,blast,,
1129,201130.jpg,blast,,
1130,201131.jpg,brown_spot,,
1131,201132.jpg,brown_spot,,
1132,201133.jpg,hispa,,
1133,201134.jpg,bacterial_panicle_blight,,
1134,201135.jpg,blast,,
1135,201136.jpg,dead_heart,,
1136,201137.jpg,brown_spot,,
1137,201138.jpg,blast,,
1138,201139.jpg,brown_spot,,
1139,201140.jpg,normal,,
1140,201141.jpg,brown_spot,,
1141,201142.jpg,normal,,
1142,201143.jpg,blast,,
1143,201144.jpg,tungro,,
1144,201145.jpg,blast,,
1145,201146.jpg,blast,,
1146,201147.jpg,bacterial_panicle_blight,,
1147,201148.jpg,bacterial_leaf_blight,,
1148,201149.jpg,tungro,,
1149,201150.jpg,hispa,,
1150,201151.jpg,blast,,
1151,201152.jpg,blast,,
1152,201153.jpg,brown_spot,,
1153,201154.jpg,dead_heart,,
1154,201155.jpg,dead_heart,,
1155,201156.jpg,downy_mildew,,
1156,201157.jpg,blast,,
1157,201158.jpg,hispa,,
1158,201159.jpg,blast,,
1159,201160.jpg,hispa,,
1160,201161.jpg,blast,,
1161,201162.jpg,normal,,
1162,201163.jpg,hispa,,
1163,201164.jpg,blast,,
1164,201165.jpg,blast,,
1165,201166.jpg,blast,,
1166,201167.jpg,blast,,
1167,201168.jpg,brown_spot,,
1168,201169.jpg,bacterial_leaf_streak,,
1169,201170.jpg,normal,,
1170,201171.jpg,dead_heart,,
1171,201172.jpg,tungro,,
1172,201173.jpg,hispa,,
1173,201174.jpg,hispa,,
1174,201175.jpg,hispa,,
1175,201176.jpg,normal,,
1176,201177.jpg,normal,,
1177,201178.jpg,blast,,
1178,201179.jpg,tungro,,
1179,201180.jpg,brown_spot,,
1180,201181.jpg,hispa,,
1181,201182.jpg,tungro,,
1182,201183.jpg,hispa,,
1183,201184.jpg,hispa,,
1184,201185.jpg,normal,,
1185,201186.jpg,downy_mildew,,
1186,201187.jpg,normal,,
1187,201188.jpg,dead_heart,,
1188,201189.jpg,brown_spot,,
1189,201190.jpg,downy_mildew,,
1190,201191.jpg,blast,,
1191,201192.jpg,tungro,,
1192,201193.jpg,blast,,
1193,201194.jpg,normal,,
1194,201195.jpg,normal,,
1195,201196.jpg,normal,,
1196,201197.jpg,bacterial_leaf_streak,,
1197,201198.jpg,tungro,,
1198,201199.jpg,bacterial_panicle_blight,,
1199,201200.jpg,hispa,,
1200,201201.jpg,bacterial_panicle_blight,,
1201,201202.jpg,hispa,,
1202,201203.jpg,tungro,,
1203,201204.jpg,hispa,,
1204,201205.jpg,tungro,,
1205,201206.jpg,normal,,
1206,201207.jpg,dead_heart,,
1207,201208.jpg,normal,,
1208,201209.jpg,blast,,
1209,201210.jpg,normal,,
1210,201211.jpg,bacterial_panicle_blight,,
1211,201212.jpg,normal,,
1212,201213.jpg,blast,,
1213,201214.jpg,dead_heart,,
1214,201215.jpg,normal,,
1215,201216.jpg,tungro,,
1216,201217.jpg,dead_heart,,
1217,201218.jpg,normal,,
1218,201219.jpg,dead_heart,,
1219,201220.jpg,dead_heart,,
1220,201221.jpg,brown_spot,,
1221,201222.jpg,hispa,,
1222,201223.jpg,dead_heart,,
1223,201224.jpg,tungro,,
1224,201225.jpg,tungro,,
1225,201226.jpg,hispa,,
1226,201227.jpg,hispa,,
1227,201228.jpg,blast,,
1228,201229.jpg,tungro,,
1229,201230.jpg,brown_spot,,
1230,201231.jpg,dead_heart,,
1231,201232.jpg,tungro,,
1232,201233.jpg,dead_heart,,
1233,201234.jpg,hispa,,
1234,201235.jpg,hispa,,
1235,201236.jpg,hispa,,
1236,201237.jpg,bacterial_leaf_streak,,
1237,201238.jpg,tungro,,
1238,201239.jpg,tungro,,
1239,201240.jpg,bacterial_leaf_streak,,
1240,201241.jpg,tungro,,
1241,201242.jpg,normal,,
1242,201243.jpg,normal,,
1243,201244.jpg,normal,,
1244,201245.jpg,blast,,
1245,201246.jpg,tungro,,
1246,201247.jpg,tungro,,
1247,201248.jpg,blast,,
1248,201249.jpg,brown_spot,,
1249,201250.jpg,blast,,
1250,201251.jpg,blast,,
1251,201252.jpg,hispa,,
1252,201253.jpg,dead_heart,,
1253,201254.jpg,dead_heart,,
1254,201255.jpg,hispa,,
1255,201256.jpg,blast,,
1256,201257.jpg,bacterial_leaf_blight,,
1257,201258.jpg,hispa,,
1258,201259.jpg,normal,,
1259,201260.jpg,downy_mildew,,
1260,201261.jpg,hispa,,
1261,201262.jpg,brown_spot,,
1262,201263.jpg,blast,,
1263,201264.jpg,blast,,
1264,201265.jpg,blast,,
1265,201266.jpg,normal,,
1266,201267.jpg,blast,,
1267,201268.jpg,tungro,,
1268,201269.jpg,dead_heart,,
1269,201270.jpg,hispa,,
1270,201271.jpg,blast,,
1271,201272.jpg,hispa,,
1272,201273.jpg,blast,,
1273,201274.jpg,blast,,
1274,201275.jpg,tungro,,
1275,201276.jpg,dead_heart,,
1276,201277.jpg,dead_heart,,
1277,201278.jpg,dead_heart,,
1278,201279.jpg,brown_spot,,
1279,201280.jpg,hispa,,
1280,201281.jpg,downy_mildew,,
1281,201282.jpg,bacterial_leaf_streak,,
1282,201283.jpg,blast,,
1283,201284.jpg,downy_mildew,,
1284,201285.jpg,hispa,,
1285,201286.jpg,hispa,,
1286,201287.jpg,brown_spot,,
1287,201288.jpg,normal,,
1288,201289.jpg,bacterial_panicle_blight,,
1289,201290.jpg,dead_heart,,
1290,201291.jpg,tungro,,
1291,201292.jpg,hispa,,
1292,201293.jpg,dead_heart,,
1293,201294.jpg,blast,,
1294,201295.jpg,dead_heart,,
1295,201296.jpg,hispa,,
1296,201297.jpg,bacterial_leaf_streak,,
1297,201298.jpg,dead_heart,,
1298,201299.jpg,tungro,,
1299,201300.jpg,dead_heart,,
1300,201301.jpg,hispa,,
1301,201302.jpg,hispa,,
1302,201303.jpg,blast,,
1303,201304.jpg,bacterial_panicle_blight,,
1304,201305.jpg,hispa,,
1305,201306.jpg,bacterial_panicle_blight,,
1306,201307.jpg,blast,,
1307,201308.jpg,dead_heart,,
1308,201309.jpg,dead_heart,,
1309,201310.jpg,tungro,,
1310,201311.jpg,blast,,
1311,201312.jpg,brown_spot,,
1312,201313.jpg,tungro,,
1313,201314.jpg,brown_spot,,
1314,201315.jpg,brown_spot,,
1315,201316.jpg,blast,,
1316,201317.jpg,bacterial_leaf_streak,,
1317,201318.jpg,blast,,
1318,201319.jpg,dead_heart,,
1319,201320.jpg,blast,,
1320,201321.jpg,downy_mildew,,
1321,201322.jpg,hispa,,
1322,201323.jpg,blast,,
1323,201324.jpg,dead_heart,,
1324,201325.jpg,brown_spot,,
1325,201326.jpg,normal,,
1326,201327.jpg,dead_heart,,
1327,201328.jpg,tungro,,
1328,201329.jpg,brown_spot,,
1329,201330.jpg,tungro,,
1330,201331.jpg,dead_heart,,
1331,201332.jpg,downy_mildew,,
1332,201333.jpg,brown_spot,,
1333,201334.jpg,downy_mildew,,
1334,201335.jpg,blast,,
1335,201336.jpg,downy_mildew,,
1336,201337.jpg,normal,,
1337,201338.jpg,hispa,,
1338,201339.jpg,tungro,,
1339,201340.jpg,blast,,
1340,201341.jpg,normal,,
1341,201342.jpg,hispa,,
1342,201343.jpg,hispa,,
1343,201344.jpg,dead_heart,,
1344,201345.jpg,blast,,
1345,201346.jpg,brown_spot,,
1346,201347.jpg,normal,,
1347,201348.jpg,hispa,,
1348,201349.jpg,hispa,,
1349,201350.jpg,tungro,,
1350,201351.jpg,hispa,,
1351,201352.jpg,hispa,,
1352,201353.jpg,blast,,
1353,201354.jpg,normal,,
1354,201355.jpg,bacterial_leaf_blight,,
1355,201356.jpg,bacterial_panicle_blight,,
1356,201357.jpg,bacterial_panicle_blight,,
1357,201358.jpg,brown_spot,,
1358,201359.jpg,hispa,,
1359,201360.jpg,normal,,
1360,201361.jpg,normal,,
1361,201362.jpg,bacterial_leaf_streak,,
1362,201363.jpg,brown_spot,,
1363,201364.jpg,dead_heart,,
1364,201365.jpg,blast,,
1365,201366.jpg,dead_heart,,
1366,201367.jpg,blast,,
1367,201368.jpg,hispa,,
1368,201369.jpg,tungro,,
1369,201370.jpg,tungro,,
1370,201371.jpg,dead_heart,,
1371,201372.jpg,tungro,,
1372,201373.jpg,bacterial_panicle_blight,,
1373,201374.jpg,blast,,
1374,201375.jpg,hispa,,
1375,201376.jpg,blast,,
1376,201377.jpg,blast,,
1377,201378.jpg,brown_spot,,
1378,201379.jpg,normal,,
1379,201380.jpg,normal,,
1380,201381.jpg,tungro,,
1381,201382.jpg,tungro,,
1382,201383.jpg,dead_heart,,
1383,201384.jpg,hispa,,
1384,201385.jpg,blast,,
1385,201386.jpg,blast,,
1386,201387.jpg,normal,,
1387,201388.jpg,dead_heart,,
1388,201389.jpg,blast,,
1389,201390.jpg,normal,,
1390,201391.jpg,blast,,
1391,201392.jpg,hispa,,
1392,201393.jpg,blast,,
1393,201394.jpg,bacterial_leaf_streak,,
1394,201395.jpg,normal,,
1395,201396.jpg,downy_mildew,,
1396,201397.jpg,normal,,
1397,201398.jpg,tungro,,
1398,201399.jpg,bacterial_panicle_blight,,
1399,201400.jpg,dead_heart,,
1400,201401.jpg,bacterial_leaf_streak,,
1401,201402.jpg,normal,,
1402,201403.jpg,blast,,
1403,201404.jpg,normal,,
1404,201405.jpg,bacterial_leaf_streak,,
1405,201406.jpg,normal,,
1406,201407.jpg,brown_spot,,
1407,201408.jpg,brown_spot,,
1408,201409.jpg,blast,,
1409,201410.jpg,tungro,,
1410,201411.jpg,dead_heart,,
1411,201412.jpg,bacterial_leaf_blight,,
1412,201413.jpg,dead_heart,,
1413,201414.jpg,brown_spot,,
1414,201415.jpg,hispa,,
1415,201416.jpg,dead_heart,,
1416,201417.jpg,hispa,,
1417,201418.jpg,dead_heart,,
1418,201419.jpg,blast,,
1419,201420.jpg,dead_heart,,
1420,201421.jpg,tungro,,
1421,201422.jpg,tungro,,
1422,201423.jpg,blast,,
1423,201424.jpg,hispa,,
1424,201425.jpg,bacterial_leaf_blight,,
1425,201426.jpg,bacterial_leaf_streak,,
1426,201427.jpg,blast,,
1427,201428.jpg,normal,,
1428,201429.jpg,hispa,,
1429,201430.jpg,brown_spot,,
1430,201431.jpg,normal,,
1431,201432.jpg,hispa,,
1432,201433.jpg,dead_heart,,
1433,201434.jpg,hispa,,
1434,201435.jpg,dead_heart,,
1435,201436.jpg,hispa,,
1436,201437.jpg,dead_heart,,
1437,201438.jpg,blast,,
1438,201439.jpg,normal,,
1439,201440.jpg,brown_spot,,
1440,201441.jpg,dead_heart,,
1441,201442.jpg,normal,,
1442,201443.jpg,bacterial_leaf_blight,,
1443,201444.jpg,hispa,,
1444,201445.jpg,blast,,
1445,201446.jpg,tungro,,
1446,201447.jpg,tungro,,
1447,201448.jpg,tungro,,
1448,201449.jpg,bacterial_leaf_blight,,
1449,201450.jpg,normal,,
1450,201451.jpg,dead_heart,,
1451,201452.jpg,brown_spot,,
1452,201453.jpg,normal,,
1453,201454.jpg,blast,,
1454,201455.jpg,dead_heart,,
1455,201456.jpg,brown_spot,,
1456,201457.jpg,brown_spot,,
1457,201458.jpg,normal,,
1458,201459.jpg,blast,,
1459,201460.jpg,blast,,
1460,201461.jpg,dead_heart,,
1461,201462.jpg,downy_mildew,,
1462,201463.jpg,tungro,,
1463,201464.jpg,dead_heart,,
1464,201465.jpg,hispa,,
1465,201466.jpg,tungro,,
1466,201467.jpg,downy_mildew,,
1467,201468.jpg,normal,,
1468,201469.jpg,blast,,
1469,201470.jpg,blast,,
1470,201471.jpg,dead_heart,,
1471,201472.jpg,normal,,
1472,201473.jpg,blast,,
1473,201474.jpg,hispa,,
1474,201475.jpg,hispa,,
1475,201476.jpg,dead_heart,,
1476,201477.jpg,tungro,,
1477,201478.jpg,dead_heart,,
1478,201479.jpg,dead_heart,,
1479,201480.jpg,blast,,
1480,201481.jpg,bacterial_leaf_streak,,
1481,201482.jpg,blast,,
1482,201483.jpg,hispa,,
1483,201484.jpg,dead_heart,,
1484,201485.jpg,dead_heart,,
1485,201486.jpg,tungro,,
1486,201487.jpg,tungro,,
1487,201488.jpg,blast,,
1488,201489.jpg,tungro,,
1489,201490.jpg,blast,,
1490,201491.jpg,tungro,,
1491,201492.jpg,bacterial_panicle_blight,,
1492,201493.jpg,tungro,,
1493,201494.jpg,tungro,,
1494,201495.jpg,bacterial_leaf_blight,,
1495,201496.jpg,hispa,,
1496,201497.jpg,tungro,,
1497,201498.jpg,tungro,,
1498,201499.jpg,normal,,
1499,201500.jpg,downy_mildew,,
1500,201501.jpg,bacterial_leaf_blight,,
1501,201502.jpg,tungro,,
1502,201503.jpg,blast,,
1503,201504.jpg,tungro,,
1504,201505.jpg,tungro,,
1505,201506.jpg,dead_heart,,
1506,201507.jpg,blast,,
1507,201508.jpg,normal,,
1508,201509.jpg,bacterial_leaf_blight,,
1509,201510.jpg,downy_mildew,,
1510,201511.jpg,tungro,,
1511,201512.jpg,tungro,,
1512,201513.jpg,brown_spot,,
1513,201514.jpg,downy_mildew,,
1514,201515.jpg,downy_mildew,,
1515,201516.jpg,blast,,
1516,201517.jpg,blast,,
1517,201518.jpg,blast,,
1518,201519.jpg,hispa,,
1519,201520.jpg,bacterial_leaf_blight,,
1520,201521.jpg,brown_spot,,
1521,201522.jpg,bacterial_leaf_streak,,
1522,201523.jpg,hispa,,
1523,201524.jpg,brown_spot,,
1524,201525.jpg,normal,,
1525,201526.jpg,hispa,,
1526,201527.jpg,tungro,,
1527,201528.jpg,normal,,
1528,201529.jpg,hispa,,
1529,201530.jpg,normal,,
1530,201531.jpg,hispa,,
1531,201532.jpg,hispa,,
1532,201533.jpg,blast,,
1533,201534.jpg,bacterial_leaf_streak,,
1534,201535.jpg,blast,,
1535,201536.jpg,blast,,
1536,201537.jpg,brown_spot,,
1537,201538.jpg,brown_spot,,
1538,201539.jpg,bacterial_leaf_streak,,
1539,201540.jpg,hispa,,
1540,201541.jpg,brown_spot,,
1541,201542.jpg,brown_spot,,
1542,201543.jpg,normal,,
1543,201544.jpg,bacterial_panicle_blight,,
1544,201545.jpg,normal,,
1545,201546.jpg,brown_spot,,
1546,201547.jpg,hispa,,
1547,201548.jpg,tungro,,
1548,201549.jpg,brown_spot,,
1549,201550.jpg,blast,,
1550,201551.jpg,hispa,,
1551,201552.jpg,blast,,
1552,201553.jpg,blast,,
1553,201554.jpg,bacterial_leaf_streak,,
1554,201555.jpg,blast,,
1555,201556.jpg,tungro,,
1556,201557.jpg,dead_heart,,
1557,201558.jpg,normal,,
1558,201559.jpg,blast,,
1559,201560.jpg,normal,,
1560,201561.jpg,normal,,
1561,201562.jpg,hispa,,
1562,201563.jpg,blast,,
1563,201564.jpg,brown_spot,,
1564,201565.jpg,brown_spot,,
1565,201566.jpg,downy_mildew,,
1566,201567.jpg,dead_heart,,
1567,201568.jpg,hispa,,
1568,201569.jpg,hispa,,
1569,201570.jpg,normal,,
1570,201571.jpg,dead_heart,,
1571,201572.jpg,bacterial_leaf_blight,,
1572,201573.jpg,normal,,
1573,201574.jpg,bacterial_leaf_streak,,
1574,201575.jpg,brown_spot,,
1575,201576.jpg,normal,,
1576,201577.jpg,blast,,
1577,201578.jpg,hispa,,
1578,201579.jpg,brown_spot,,
1579,201580.jpg,tungro,,
1580,201581.jpg,tungro,,
1581,201582.jpg,normal,,
1582,201583.jpg,tungro,,
1583,201584.jpg,dead_heart,,
1584,201585.jpg,dead_heart,,
1585,201586.jpg,blast,,
1586,201587.jpg,brown_spot,,
1587,201588.jpg,blast,,
1588,201589.jpg,hispa,,
1589,201590.jpg,downy_mildew,,
1590,201591.jpg,bacterial_leaf_blight,,
1591,201592.jpg,hispa,,
1592,201593.jpg,dead_heart,,
1593,201594.jpg,brown_spot,,
1594,201595.jpg,blast,,
1595,201596.jpg,normal,,
1596,201597.jpg,hispa,,
1597,201598.jpg,hispa,,
1598,201599.jpg,dead_heart,,
1599,201600.jpg,dead_heart,,
1600,201601.jpg,hispa,,
1601,201602.jpg,downy_mildew,,
1602,201603.jpg,blast,,
1603,201604.jpg,blast,,
1604,201605.jpg,tungro,,
1605,201606.jpg,tungro,,
1606,201607.jpg,blast,,
1607,201608.jpg,normal,,
1608,201609.jpg,blast,,
1609,201610.jpg,hispa,,
1610,201611.jpg,normal,,
1611,201612.jpg,bacterial_panicle_blight,,
1612,201613.jpg,blast,,
1613,201614.jpg,hispa,,
1614,201615.jpg,hispa,,
1615,201616.jpg,bacterial_leaf_streak,,
1616,201617.jpg,tungro,,
1617,201618.jpg,blast,,
1618,201619.jpg,downy_mildew,,
1619,201620.jpg,blast,,
1620,201621.jpg,dead_heart,,
1621,201622.jpg,hispa,,
1622,201623.jpg,bacterial_leaf_streak,,
1623,201624.jpg,normal,,
1624,201625.jpg,dead_heart,,
1625,201626.jpg,blast,,
1626,201627.jpg,normal,,
1627,201628.jpg,brown_spot,,
1628,201629.jpg,dead_heart,,
1629,201630.jpg,brown_spot,,
1630,201631.jpg,bacterial_leaf_blight,,
1631,201632.jpg,hispa,,
1632,201633.jpg,hispa,,
1633,201634.jpg,dead_heart,,
1634,201635.jpg,tungro,,
1635,201636.jpg,tungro,,
1636,201637.jpg,tungro,,
1637,201638.jpg,bacterial_panicle_blight,,
1638,201639.jpg,blast,,
1639,201640.jpg,dead_heart,,
1640,201641.jpg,blast,,
1641,201642.jpg,normal,,
1642,201643.jpg,hispa,,
1643,201644.jpg,hispa,,
1644,201645.jpg,hispa,,
1645,201646.jpg,tungro,,
1646,201647.jpg,blast,,
1647,201648.jpg,blast,,
1648,201649.jpg,hispa,,
1649,201650.jpg,hispa,,
1650,201651.jpg,dead_heart,,
1651,201652.jpg,hispa,,
1652,201653.jpg,brown_spot,,
1653,201654.jpg,blast,,
1654,201655.jpg,blast,,
1655,201656.jpg,dead_heart,,
1656,201657.jpg,normal,,
1657,201658.jpg,hispa,,
1658,201659.jpg,normal,,
1659,201660.jpg,hispa,,
1660,201661.jpg,blast,,
1661,201662.jpg,normal,,
1662,201663.jpg,downy_mildew,,
1663,201664.jpg,blast,,
1664,201665.jpg,hispa,,
1665,201666.jpg,blast,,
1666,201667.jpg,normal,,
1667,201668.jpg,normal,,
1668,201669.jpg,brown_spot,,
1669,201670.jpg,hispa,,
1670,201671.jpg,tungro,,
1671,201672.jpg,normal,,
1672,201673.jpg,blast,,
1673,201674.jpg,brown_spot,,
1674,201675.jpg,downy_mildew,,
1675,201676.jpg,bacterial_panicle_blight,,
1676,201677.jpg,hispa,,
1677,201678.jpg,normal,,
1678,201679.jpg,normal,,
1679,201680.jpg,brown_spot,,
1680,201681.jpg,normal,,
1681,201682.jpg,blast,,
1682,201683.jpg,normal,,
1683,201684.jpg,bacterial_leaf_blight,,
1684,201685.jpg,normal,,
1685,201686.jpg,blast,,
1686,201687.jpg,bacterial_leaf_streak,,
1687,201688.jpg,hispa,,
1688,201689.jpg,hispa,,
1689,201690.jpg,tungro,,
1690,201691.jpg,hispa,,
1691,201692.jpg,bacterial_leaf_blight,,
1692,201693.jpg,bacterial_panicle_blight,,
1693,201694.jpg,brown_spot,,
1694,201695.jpg,bacterial_panicle_blight,,
1695,201696.jpg,normal,,
1696,201697.jpg,blast,,
1697,201698.jpg,dead_heart,,
1698,201699.jpg,tungro,,
1699,201700.jpg,tungro,,
1700,201701.jpg,tungro,,
1701,201702.jpg,hispa,,
1702,201703.jpg,hispa,,
1703,201704.jpg,hispa,,
1704,201705.jpg,brown_spot,,
1705,201706.jpg,brown_spot,,
1706,201707.jpg,dead_heart,,
1707,201708.jpg,bacterial_panicle_blight,,
1708,201709.jpg,downy_mildew,,
1709,201710.jpg,dead_heart,,
1710,201711.jpg,normal,,
1711,201712.jpg,bacterial_panicle_blight,,
1712,201713.jpg,hispa,,
1713,201714.jpg,brown_spot,,
1714,201715.jpg,bacterial_leaf_blight,,
1715,201716.jpg,brown_spot,,
1716,201717.jpg,bacterial_leaf_streak,,
1717,201718.jpg,bacterial_leaf_blight,,
1718,201719.jpg,dead_heart,,
1719,201720.jpg,tungro,,
1720,201721.jpg,dead_heart,,
1721,201722.jpg,blast,,
1722,201723.jpg,tungro,,
1723,201724.jpg,blast,,
1724,201725.jpg,blast,,
1725,201726.jpg,tungro,,
1726,201727.jpg,brown_spot,,
1727,201728.jpg,blast,,
1728,201729.jpg,blast,,
1729,201730.jpg,blast,,
1730,201731.jpg,blast,,
1731,201732.jpg,hispa,,
1732,201733.jpg,hispa,,
1733,201734.jpg,blast,,
1734,201735.jpg,hispa,,
1735,201736.jpg,bacterial_panicle_blight,,
1736,201737.jpg,hispa,,
1737,201738.jpg,hispa,,
1738,201739.jpg,dead_heart,,
1739,201740.jpg,bacterial_panicle_blight,,
1740,201741.jpg,dead_heart,,
1741,201742.jpg,brown_spot,,
1742,201743.jpg,bacterial_leaf_streak,,
1743,201744.jpg,brown_spot,,
1744,201745.jpg,normal,,
1745,201746.jpg,hispa,,
1746,201747.jpg,dead_heart,,
1747,201748.jpg,tungro,,
1748,201749.jpg,hispa,,
1749,201750.jpg,bacterial_panicle_blight,,
1750,201751.jpg,normal,,
1751,201752.jpg,normal,,
1752,201753.jpg,normal,,
1753,201754.jpg,blast,,
1754,201755.jpg,normal,,
1755,201756.jpg,hispa,,
1756,201757.jpg,dead_heart,,
1757,201758.jpg,tungro,,
1758,201759.jpg,bacterial_leaf_blight,,
1759,201760.jpg,bacterial_leaf_blight,,
1760,201761.jpg,blast,,
1761,201762.jpg,hispa,,
1762,201763.jpg,downy_mildew,,
1763,201764.jpg,hispa,,
1764,201765.jpg,blast,,
1765,201766.jpg,blast,,
1766,201767.jpg,hispa,,
1767,201768.jpg,dead_heart,,
1768,201769.jpg,dead_heart,,
1769,201770.jpg,downy_mildew,,
1770,201771.jpg,hispa,,
1771,201772.jpg,tungro,,
1772,201773.jpg,hispa,,
1773,201774.jpg,brown_spot,,
1774,201775.jpg,bacterial_leaf_streak,,
1775,201776.jpg,dead_heart,,
1776,201777.jpg,bacterial_leaf_streak,,
1777,201778.jpg,blast,,
1778,201779.jpg,brown_spot,,
1779,201780.jpg,hispa,,
1780,201781.jpg,dead_heart,,
1781,201782.jpg,hispa,,
1782,201783.jpg,normal,,
1783,201784.jpg,normal,,
1784,201785.jpg,hispa,,
1785,201786.jpg,blast,,
1786,201787.jpg,blast,,
1787,201788.jpg,blast,,
1788,201789.jpg,blast,,
1789,201790.jpg,hispa,,
1790,201791.jpg,hispa,,
1791,201792.jpg,normal,,
1792,201793.jpg,dead_heart,,
1793,201794.jpg,tungro,,
1794,201795.jpg,tungro,,
1795,201796.jpg,bacterial_leaf_blight,,
1796,201797.jpg,dead_heart,,
1797,201798.jpg,normal,,
1798,201799.jpg,normal,,
1799,201800.jpg,hispa,,
1800,201801.jpg,tungro,,
1801,201802.jpg,bacterial_leaf_blight,,
1802,201803.jpg,downy_mildew,,
1803,201804.jpg,dead_heart,,
1804,201805.jpg,blast,,
1805,201806.jpg,blast,,
1806,201807.jpg,blast,,
1807,201808.jpg,bacterial_panicle_blight,,
1808,201809.jpg,blast,,
1809,201810.jpg,blast,,
1810,201811.jpg,hispa,,
1811,201812.jpg,dead_heart,,
1812,201813.jpg,hispa,,
1813,201814.jpg,bacterial_leaf_streak,,
1814,201815.jpg,tungro,,
1815,201816.jpg,bacterial_leaf_streak,,
1816,201817.jpg,tungro,,
1817,201818.jpg,blast,,
1818,201819.jpg,normal,,
1819,201820.jpg,blast,,
1820,201821.jpg,bacterial_leaf_blight,,
1821,201822.jpg,normal,,
1822,201823.jpg,tungro,,
1823,201824.jpg,dead_heart,,
1824,201825.jpg,hispa,,
1825,201826.jpg,hispa,,
1826,201827.jpg,hispa,,
1827,201828.jpg,blast,,
1828,201829.jpg,hispa,,
1829,201830.jpg,bacterial_panicle_blight,,
1830,201831.jpg,dead_heart,,
1831,201832.jpg,dead_heart,,
1832,201833.jpg,blast,,
1833,201834.jpg,tungro,,
1834,201835.jpg,blast,,
1835,201836.jpg,dead_heart,,
1836,201837.jpg,dead_heart,,
1837,201838.jpg,normal,,
1838,201839.jpg,blast,,
1839,201840.jpg,normal,,
1840,201841.jpg,hispa,,
1841,201842.jpg,normal,,
1842,201843.jpg,hispa,,
1843,201844.jpg,tungro,,
1844,201845.jpg,hispa,,
1845,201846.jpg,blast,,
1846,201847.jpg,dead_heart,,
1847,201848.jpg,blast,,
1848,201849.jpg,normal,,
1849,201850.jpg,tungro,,
1850,201851.jpg,normal,,
1851,201852.jpg,normal,,
1852,201853.jpg,hispa,,
1853,201854.jpg,normal,,
1854,201855.jpg,normal,,
1855,201856.jpg,dead_heart,,
1856,201857.jpg,blast,,
1857,201858.jpg,normal,,
1858,201859.jpg,normal,,
1859,201860.jpg,hispa,,
1860,201861.jpg,normal,,
1861,201862.jpg,dead_heart,,
1862,201863.jpg,brown_spot,,
1863,201864.jpg,hispa,,
1864,201865.jpg,blast,,
1865,201866.jpg,normal,,
1866,201867.jpg,normal,,
1867,201868.jpg,bacterial_leaf_blight,,
1868,201869.jpg,bacterial_leaf_blight,,
1869,201870.jpg,tungro,,
1870,201871.jpg,dead_heart,,
1871,201872.jpg,blast,,
1872,201873.jpg,normal,,
1873,201874.jpg,dead_heart,,
1874,201875.jpg,brown_spot,,
1875,201876.jpg,blast,,
1876,201877.jpg,blast,,
1877,201878.jpg,normal,,
1878,201879.jpg,hispa,,
1879,201880.jpg,normal,,
1880,201881.jpg,brown_spot,,
1881,201882.jpg,blast,,
1882,201883.jpg,bacterial_leaf_streak,,
1883,201884.jpg,dead_heart,,
1884,201885.jpg,dead_heart,,
1885,201886.jpg,bacterial_leaf_streak,,
1886,201887.jpg,blast,,
1887,201888.jpg,brown_spot,,
1888,201889.jpg,hispa,,
1889,201890.jpg,bacterial_leaf_streak,,
1890,201891.jpg,hispa,,
1891,201892.jpg,downy_mildew,,
1892,201893.jpg,dead_heart,,
1893,201894.jpg,bacterial_panicle_blight,,
1894,201895.jpg,normal,,
1895,201896.jpg,blast,,
1896,201897.jpg,normal,,
1897,201898.jpg,normal,,
1898,201899.jpg,hispa,,
1899,201900.jpg,dead_heart,,
1900,201901.jpg,blast,,
1901,201902.jpg,hispa,,
1902,201903.jpg,tungro,,
1903,201904.jpg,blast,,
1904,201905.jpg,brown_spot,,
1905,201906.jpg,dead_heart,,
1906,201907.jpg,bacterial_leaf_streak,,
1907,201908.jpg,hispa,,
1908,201909.jpg,brown_spot,,
1909,201910.jpg,tungro,,
1910,201911.jpg,blast,,
1911,201912.jpg,dead_heart,,
1912,201913.jpg,tungro,,
1913,201914.jpg,normal,,
1914,201915.jpg,blast,,
1915,201916.jpg,brown_spot,,
1916,201917.jpg,tungro,,
1917,201918.jpg,hispa,,
1918,201919.jpg,normal,,
1919,201920.jpg,normal,,
1920,201921.jpg,tungro,,
1921,201922.jpg,bacterial_leaf_streak,,
1922,201923.jpg,tungro,,
1923,201924.jpg,dead_heart,,
1924,201925.jpg,normal,,
1925,201926.jpg,blast,,
1926,201927.jpg,bacterial_leaf_streak,,
1927,201928.jpg,dead_heart,,
1928,201929.jpg,blast,,
1929,201930.jpg,dead_heart,,
1930,201931.jpg,downy_mildew,,
1931,201932.jpg,brown_spot,,
1932,201933.jpg,brown_spot,,
1933,201934.jpg,tungro,,
1934,201935.jpg,downy_mildew,,
1935,201936.jpg,tungro,,
1936,201937.jpg,normal,,
1937,201938.jpg,hispa,,
1938,201939.jpg,blast,,
1939,201940.jpg,blast,,
1940,201941.jpg,normal,,
1941,201942.jpg,downy_mildew,,
1942,201943.jpg,brown_spot,,
1943,201944.jpg,bacterial_leaf_streak,,
1944,201945.jpg,blast,,
1945,201946.jpg,bacterial_leaf_blight,,
1946,201947.jpg,dead_heart,,
1947,201948.jpg,bacterial_leaf_streak,,
1948,201949.jpg,tungro,,
1949,201950.jpg,bacterial_panicle_blight,,
1950,201951.jpg,hispa,,
1951,201952.jpg,normal,,
1952,201953.jpg,dead_heart,,
1953,201954.jpg,brown_spot,,
1954,201955.jpg,dead_heart,,
1955,201956.jpg,dead_heart,,
1956,201957.jpg,blast,,
1957,201958.jpg,normal,,
1958,201959.jpg,tungro,,
1959,201960.jpg,hispa,,
1960,201961.jpg,hispa,,
1961,201962.jpg,tungro,,
1962,201963.jpg,blast,,
1963,201964.jpg,normal,,
1964,201965.jpg,hispa,,
1965,201966.jpg,normal,,
1966,201967.jpg,bacterial_leaf_streak,,
1967,201968.jpg,dead_heart,,
1968,201969.jpg,tungro,,
1969,201970.jpg,blast,,
1970,201971.jpg,blast,,
1971,201972.jpg,downy_mildew,,
1972,201973.jpg,downy_mildew,,
1973,201974.jpg,hispa,,
1974,201975.jpg,blast,,
1975,201976.jpg,hispa,,
1976,201977.jpg,hispa,,
1977,201978.jpg,dead_heart,,
1978,201979.jpg,blast,,
1979,201980.jpg,tungro,,
1980,201981.jpg,tungro,,
1981,201982.jpg,dead_heart,,
1982,201983.jpg,normal,,
1983,201984.jpg,hispa,,
1984,201985.jpg,normal,,
1985,201986.jpg,bacterial_leaf_streak,,
1986,201987.jpg,dead_heart,,
1987,201988.jpg,hispa,,
1988,201989.jpg,blast,,
1989,201990.jpg,brown_spot,,
1990,201991.jpg,blast,,
1991,201992.jpg,normal,,
1992,201993.jpg,normal,,
1993,201994.jpg,hispa,,
1994,201995.jpg,brown_spot,,
1995,201996.jpg,hispa,,
1996,201997.jpg,hispa,,
1997,201998.jpg,tungro,,
1998,201999.jpg,brown_spot,,
1999,202000.jpg,hispa,,
2000,202001.jpg,hispa,,
2001,202002.jpg,blast,,
2002,202003.jpg,normal,,
2003,202004.jpg,blast,,
2004,202005.jpg,brown_spot,,
2005,202006.jpg,blast,,
2006,202007.jpg,blast,,
2007,202008.jpg,normal,,
2008,202009.jpg,hispa,,
2009,202010.jpg,blast,,
2010,202011.jpg,blast,,
2011,202012.jpg,dead_heart,,
2012,202013.jpg,hispa,,
2013,202014.jpg,dead_heart,,
2014,202015.jpg,normal,,
2015,202016.jpg,dead_heart,,
2016,202017.jpg,blast,,
2017,202018.jpg,blast,,
2018,202019.jpg,normal,,
2019,202020.jpg,blast,,
2020,202021.jpg,blast,,
2021,202022.jpg,normal,,
2022,202023.jpg,normal,,
2023,202024.jpg,hispa,,
2024,202025.jpg,dead_heart,,
2025,202026.jpg,normal,,
2026,202027.jpg,bacterial_leaf_blight,,
2027,202028.jpg,dead_heart,,
2028,202029.jpg,dead_heart,,
2029,202030.jpg,downy_mildew,,
2030,202031.jpg,tungro,,
2031,202032.jpg,normal,,
2032,202033.jpg,blast,,
2033,202034.jpg,tungro,,
2034,202035.jpg,tungro,,
2035,202036.jpg,brown_spot,,
2036,202037.jpg,normal,,
2037,202038.jpg,bacterial_panicle_blight,,
2038,202039.jpg,blast,,
2039,202040.jpg,normal,,
2040,202041.jpg,bacterial_leaf_blight,,
2041,202042.jpg,hispa,,
2042,202043.jpg,normal,,
2043,202044.jpg,bacterial_panicle_blight,,
2044,202045.jpg,blast,,
2045,202046.jpg,tungro,,
2046,202047.jpg,tungro,,
2047,202048.jpg,dead_heart,,
2048,202049.jpg,hispa,,
2049,202050.jpg,normal,,
2050,202051.jpg,hispa,,
2051,202052.jpg,brown_spot,,
2052,202053.jpg,hispa,,
2053,202054.jpg,hispa,,
2054,202055.jpg,normal,,
2055,202056.jpg,dead_heart,,
2056,202057.jpg,hispa,,
2057,202058.jpg,tungro,,
2058,202059.jpg,bacterial_leaf_streak,,
2059,202060.jpg,dead_heart,,
2060,202061.jpg,tungro,,
2061,202062.jpg,blast,,
2062,202063.jpg,blast,,
2063,202064.jpg,tungro,,
2064,202065.jpg,tungro,,
2065,202066.jpg,tungro,,
2066,202067.jpg,blast,,
2067,202068.jpg,bacterial_leaf_blight,,
2068,202069.jpg,bacterial_leaf_blight,,
2069,202070.jpg,downy_mildew,,
2070,202071.jpg,bacterial_leaf_streak,,
2071,202072.jpg,brown_spot,,
2072,202073.jpg,normal,,
2073,202074.jpg,normal,,
2074,202075.jpg,bacterial_panicle_blight,,
2075,202076.jpg,hispa,,
2076,202077.jpg,hispa,,
2077,202078.jpg,tungro,,
2078,202079.jpg,hispa,,
2079,202080.jpg,blast,,
2080,202081.jpg,dead_heart,,
2081,202082.jpg,dead_heart,,
2082,202083.jpg,blast,,
2083,202084.jpg,dead_heart,,
2084,202085.jpg,normal,,
2085,202086.jpg,normal,,
2086,202087.jpg,hispa,,
2087,202088.jpg,hispa,,
2088,202089.jpg,normal,,
2089,202090.jpg,brown_spot,,
2090,202091.jpg,normal,,
2091,202092.jpg,blast,,
2092,202093.jpg,brown_spot,,
2093,202094.jpg,normal,,
2094,202095.jpg,hispa,,
2095,202096.jpg,brown_spot,,
2096,202097.jpg,dead_heart,,
2097,202098.jpg,blast,,
2098,202099.jpg,hispa,,
2099,202100.jpg,brown_spot,,
2100,202101.jpg,normal,,
2101,202102.jpg,brown_spot,,
2102,202103.jpg,normal,,
2103,202104.jpg,normal,,
2104,202105.jpg,brown_spot,,
2105,202106.jpg,blast,,
2106,202107.jpg,brown_spot,,
2107,202108.jpg,downy_mildew,,
2108,202109.jpg,bacterial_leaf_blight,,
2109,202110.jpg,blast,,
2110,202111.jpg,hispa,,
2111,202112.jpg,dead_heart,,
2112,202113.jpg,bacterial_leaf_streak,,
2113,202114.jpg,downy_mildew,,
2114,202115.jpg,normal,,
2115,202116.jpg,hispa,,
2116,202117.jpg,blast,,
2117,202118.jpg,bacterial_panicle_blight,,
2118,202119.jpg,blast,,
2119,202120.jpg,blast,,
2120,202121.jpg,tungro,,
2121,202122.jpg,downy_mildew,,
2122,202123.jpg,normal,,
2123,202124.jpg,normal,,
2124,202125.jpg,tungro,,
2125,202126.jpg,dead_heart,,
2126,202127.jpg,tungro,,
2127,202128.jpg,tungro,,
2128,202129.jpg,normal,,
2129,202130.jpg,brown_spot,,
2130,202131.jpg,blast,,
2131,202132.jpg,blast,,
2132,202133.jpg,hispa,,
2133,202134.jpg,bacterial_panicle_blight,,
2134,202135.jpg,tungro,,
2135,202136.jpg,dead_heart,,
2136,202137.jpg,tungro,,
2137,202138.jpg,downy_mildew,,
2138,202139.jpg,normal,,
2139,202140.jpg,dead_heart,,
2140,202141.jpg,brown_spot,,
2141,202142.jpg,tungro,,
2142,202143.jpg,bacterial_leaf_streak,,
2143,202144.jpg,hispa,,
2144,202145.jpg,brown_spot,,
2145,202146.jpg,brown_spot,,
2146,202147.jpg,normal,,
2147,202148.jpg,tungro,,
2148,202149.jpg,normal,,
2149,202150.jpg,dead_heart,,
2150,202151.jpg,brown_spot,,
2151,202152.jpg,tungro,,
2152,202153.jpg,dead_heart,,
2153,202154.jpg,dead_heart,,
2154,202155.jpg,dead_heart,,
2155,202156.jpg,blast,,
2156,202157.jpg,blast,,
2157,202158.jpg,hispa,,
2158,202159.jpg,blast,,
2159,202160.jpg,normal,,
2160,202161.jpg,dead_heart,,
2161,202162.jpg,blast,,
2162,202163.jpg,blast,,
2163,202164.jpg,downy_mildew,,
2164,202165.jpg,blast,,
2165,202166.jpg,tungro,,
2166,202167.jpg,hispa,,
2167,202168.jpg,blast,,
2168,202169.jpg,tungro,,
2169,202170.jpg,normal,,
2170,202171.jpg,normal,,
2171,202172.jpg,normal,,
2172,202173.jpg,normal,,
2173,202174.jpg,normal,,
2174,202175.jpg,blast,,
2175,202176.jpg,brown_spot,,
2176,202177.jpg,brown_spot,,
2177,202178.jpg,normal,,
2178,202179.jpg,hispa,,
2179,202180.jpg,normal,,
2180,202181.jpg,normal,,
2181,202182.jpg,blast,,
2182,202183.jpg,hispa,,
2183,202184.jpg,normal,,
2184,202185.jpg,bacterial_panicle_blight,,
2185,202186.jpg,normal,,
2186,202187.jpg,hispa,,
2187,202188.jpg,blast,,
2188,202189.jpg,blast,,
2189,202190.jpg,hispa,,
2190,202191.jpg,downy_mildew,,
2191,202192.jpg,normal,,
2192,202193.jpg,normal,,
2193,202194.jpg,tungro,,
2194,202195.jpg,dead_heart,,
2195,202196.jpg,brown_spot,,
2196,202197.jpg,normal,,
2197,202198.jpg,blast,,
2198,202199.jpg,blast,,
2199,202200.jpg,dead_heart,,
2200,202201.jpg,hispa,,
2201,202202.jpg,dead_heart,,
2202,202203.jpg,dead_heart,,
2203,202204.jpg,hispa,,
2204,202205.jpg,normal,,
2205,202206.jpg,dead_heart,,
2206,202207.jpg,blast,,
2207,202208.jpg,tungro,,
2208,202209.jpg,blast,,
2209,202210.jpg,normal,,
2210,202211.jpg,normal,,
2211,202212.jpg,blast,,
2212,202213.jpg,downy_mildew,,
2213,202214.jpg,bacterial_leaf_blight,,
2214,202215.jpg,hispa,,
2215,202216.jpg,blast,,
2216,202217.jpg,bacterial_panicle_blight,,
2217,202218.jpg,normal,,
2218,202219.jpg,normal,,
2219,202220.jpg,blast,,
2220,202221.jpg,downy_mildew,,
2221,202222.jpg,tungro,,
2222,202223.jpg,bacterial_panicle_blight,,
2223,202224.jpg,bacterial_leaf_blight,,
2224,202225.jpg,brown_spot,,
2225,202226.jpg,dead_heart,,
2226,202227.jpg,blast,,
2227,202228.jpg,dead_heart,,
2228,202229.jpg,blast,,
2229,202230.jpg,bacterial_panicle_blight,,
2230,202231.jpg,hispa,,
2231,202232.jpg,bacterial_leaf_blight,,
2232,202233.jpg,dead_heart,,
2233,202234.jpg,tungro,,
2234,202235.jpg,blast,,
2235,202236.jpg,hispa,,
2236,202237.jpg,blast,,
2237,202238.jpg,blast,,
2238,202239.jpg,hispa,,
2239,202240.jpg,normal,,
2240,202241.jpg,dead_heart,,
2241,202242.jpg,hispa,,
2242,202243.jpg,normal,,
2243,202244.jpg,blast,,
2244,202245.jpg,bacterial_leaf_streak,,
2245,202246.jpg,blast,,
2246,202247.jpg,normal,,
2247,202248.jpg,normal,,
2248,202249.jpg,tungro,,
2249,202250.jpg,dead_heart,,
2250,202251.jpg,brown_spot,,
2251,202252.jpg,hispa,,
2252,202253.jpg,blast,,
2253,202254.jpg,normal,,
2254,202255.jpg,dead_heart,,
2255,202256.jpg,tungro,,
2256,202257.jpg,normal,,
2257,202258.jpg,normal,,
2258,202259.jpg,dead_heart,,
2259,202260.jpg,bacterial_leaf_streak,,
2260,202261.jpg,blast,,
2261,202262.jpg,dead_heart,,
2262,202263.jpg,dead_heart,,
2263,202264.jpg,blast,,
2264,202265.jpg,downy_mildew,,
2265,202266.jpg,hispa,,
2266,202267.jpg,dead_heart,,
2267,202268.jpg,blast,,
2268,202269.jpg,tungro,,
2269,202270.jpg,normal,,
2270,202271.jpg,tungro,,
2271,202272.jpg,brown_spot,,
2272,202273.jpg,bacterial_leaf_blight,,
2273,202274.jpg,hispa,,
2274,202275.jpg,bacterial_leaf_blight,,
2275,202276.jpg,normal,,
2276,202277.jpg,dead_heart,,
2277,202278.jpg,hispa,,
2278,202279.jpg,bacterial_leaf_blight,,
2279,202280.jpg,dead_heart,,
2280,202281.jpg,normal,,
2281,202282.jpg,normal,,
2282,202283.jpg,brown_spot,,
2283,202284.jpg,normal,,
2284,202285.jpg,tungro,,
2285,202286.jpg,dead_heart,,
2286,202287.jpg,blast,,
2287,202288.jpg,brown_spot,,
2288,202289.jpg,brown_spot,,
2289,202290.jpg,normal,,
2290,202291.jpg,blast,,
2291,202292.jpg,tungro,,
2292,202293.jpg,hispa,,
2293,202294.jpg,downy_mildew,,
2294,202295.jpg,tungro,,
2295,202296.jpg,hispa,,
2296,202297.jpg,brown_spot,,
2297,202298.jpg,tungro,,
2298,202299.jpg,brown_spot,,
2299,202300.jpg,dead_heart,,
2300,202301.jpg,hispa,,
2301,202302.jpg,normal,,
2302,202303.jpg,bacterial_leaf_blight,,
2303,202304.jpg,hispa,,
2304,202305.jpg,blast,,
2305,202306.jpg,bacterial_panicle_blight,,
2306,202307.jpg,bacterial_leaf_streak,,
2307,202308.jpg,hispa,,
2308,202309.jpg,bacterial_leaf_streak,,
2309,202310.jpg,blast,,
2310,202311.jpg,blast,,
2311,202312.jpg,brown_spot,,
2312,202313.jpg,tungro,,
2313,202314.jpg,normal,,
2314,202315.jpg,bacterial_leaf_streak,,
2315,202316.jpg,normal,,
2316,202317.jpg,dead_heart,,
2317,202318.jpg,normal,,
2318,202319.jpg,dead_heart,,
2319,202320.jpg,normal,,
2320,202321.jpg,downy_mildew,,
2321,202322.jpg,brown_spot,,
2322,202323.jpg,normal,,
2323,202324.jpg,normal,,
2324,202325.jpg,blast,,
2325,202326.jpg,dead_heart,,
2326,202327.jpg,blast,,
2327,202328.jpg,tungro,,
2328,202329.jpg,normal,,
2329,202330.jpg,dead_heart,,
2330,202331.jpg,tungro,,
2331,202332.jpg,tungro,,
2332,202333.jpg,dead_heart,,
2333,202334.jpg,tungro,,
2334,202335.jpg,normal,,
2335,202336.jpg,normal,,
2336,202337.jpg,normal,,
2337,202338.jpg,brown_spot,,
2338,202339.jpg,blast,,
2339,202340.jpg,blast,,
2340,202341.jpg,bacterial_leaf_streak,,
2341,202342.jpg,dead_heart,,
2342,202343.jpg,blast,,
2343,202344.jpg,dead_heart,,
2344,202345.jpg,tungro,,
2345,202346.jpg,hispa,,
2346,202347.jpg,normal,,
2347,202348.jpg,hispa,,
2348,202349.jpg,brown_spot,,
2349,202350.jpg,dead_heart,,
2350,202351.jpg,normal,,
2351,202352.jpg,hispa,,
2352,202353.jpg,hispa,,
2353,202354.jpg,dead_heart,,
2354,202355.jpg,bacterial_panicle_blight,,
2355,202356.jpg,blast,,
2356,202357.jpg,normal,,
2357,202358.jpg,downy_mildew,,
2358,202359.jpg,hispa,,
2359,202360.jpg,blast,,
2360,202361.jpg,dead_heart,,
2361,202362.jpg,bacterial_panicle_blight,,
2362,202363.jpg,dead_heart,,
2363,202364.jpg,brown_spot,,
2364,202365.jpg,dead_heart,,
2365,202366.jpg,dead_heart,,
2366,202367.jpg,dead_heart,,
2367,202368.jpg,blast,,
2368,202369.jpg,tungro,,
2369,202370.jpg,normal,,
2370,202371.jpg,bacterial_leaf_blight,,
2371,202372.jpg,normal,,
2372,202373.jpg,hispa,,
2373,202374.jpg,dead_heart,,
2374,202375.jpg,normal,,
2375,202376.jpg,normal,,
2376,202377.jpg,downy_mildew,,
2377,202378.jpg,downy_mildew,,
2378,202379.jpg,brown_spot,,
2379,202380.jpg,blast,,
2380,202381.jpg,brown_spot,,
2381,202382.jpg,dead_heart,,
2382,202383.jpg,hispa,,
2383,202384.jpg,normal,,
2384,202385.jpg,hispa,,
2385,202386.jpg,dead_heart,,
2386,202387.jpg,normal,,
2387,202388.jpg,normal,,
2388,202389.jpg,blast,,
2389,202390.jpg,hispa,,
2390,202391.jpg,dead_heart,,
2391,202392.jpg,bacterial_leaf_streak,,
2392,202393.jpg,bacterial_panicle_blight,,
2393,202394.jpg,tungro,,
2394,202395.jpg,bacterial_leaf_streak,,
2395,202396.jpg,hispa,,
2396,202397.jpg,normal,,
2397,202398.jpg,hispa,,
2398,202399.jpg,dead_heart,,
2399,202400.jpg,downy_mildew,,
2400,202401.jpg,blast,,
2401,202402.jpg,tungro,,
2402,202403.jpg,blast,,
2403,202404.jpg,hispa,,
2404,202405.jpg,dead_heart,,
2405,202406.jpg,blast,,
2406,202407.jpg,normal,,
2407,202408.jpg,dead_heart,,
2408,202409.jpg,brown_spot,,
2409,202410.jpg,tungro,,
2410,202411.jpg,downy_mildew,,
2411,202412.jpg,blast,,
2412,202413.jpg,dead_heart,,
2413,202414.jpg,normal,,
2414,202415.jpg,dead_heart,,
2415,202416.jpg,normal,,
2416,202417.jpg,normal,,
2417,202418.jpg,brown_spot,,
2418,202419.jpg,hispa,,
2419,202420.jpg,tungro,,
2420,202421.jpg,hispa,,
2421,202422.jpg,hispa,,
2422,202423.jpg,brown_spot,,
2423,202424.jpg,normal,,
2424,202425.jpg,blast,,
2425,202426.jpg,dead_heart,,
2426,202427.jpg,dead_heart,,
2427,202428.jpg,blast,,
2428,202429.jpg,bacterial_leaf_blight,,
2429,202430.jpg,brown_spot,,
2430,202431.jpg,hispa,,
2431,202432.jpg,bacterial_leaf_blight,,
2432,202433.jpg,blast,,
2433,202434.jpg,downy_mildew,,
2434,202435.jpg,blast,,
2435,202436.jpg,blast,,
2436,202437.jpg,bacterial_leaf_blight,,
2437,202438.jpg,hispa,,
2438,202439.jpg,downy_mildew,,
2439,202440.jpg,blast,,
2440,202441.jpg,hispa,,
2441,202442.jpg,blast,,
2442,202443.jpg,bacterial_leaf_blight,,
2443,202444.jpg,hispa,,
2444,202445.jpg,normal,,
2445,202446.jpg,normal,,
2446,202447.jpg,hispa,,
2447,202448.jpg,dead_heart,,
2448,202449.jpg,brown_spot,,
2449,202450.jpg,hispa,,
2450,202451.jpg,dead_heart,,
2451,202452.jpg,blast,,
2452,202453.jpg,normal,,
2453,202454.jpg,blast,,
2454,202455.jpg,normal,,
2455,202456.jpg,brown_spot,,
2456,202457.jpg,hispa,,
2457,202458.jpg,normal,,
2458,202459.jpg,blast,,
2459,202460.jpg,blast,,
2460,202461.jpg,normal,,
2461,202462.jpg,bacterial_leaf_streak,,
2462,202463.jpg,blast,,
2463,202464.jpg,dead_heart,,
2464,202465.jpg,blast,,
2465,202466.jpg,blast,,
2466,202467.jpg,blast,,
2467,202468.jpg,tungro,,
2468,202469.jpg,downy_mildew,,
2469,202470.jpg,dead_heart,,
2470,202471.jpg,brown_spot,,
2471,202472.jpg,normal,,
2472,202473.jpg,normal,,
2473,202474.jpg,brown_spot,,
2474,202475.jpg,blast,,
2475,202476.jpg,dead_heart,,
2476,202477.jpg,downy_mildew,,
2477,202478.jpg,normal,,
2478,202479.jpg,hispa,,
2479,202480.jpg,hispa,,
2480,202481.jpg,hispa,,
2481,202482.jpg,hispa,,
2482,202483.jpg,tungro,,
2483,202484.jpg,downy_mildew,,
2484,202485.jpg,downy_mildew,,
2485,202486.jpg,normal,,
2486,202487.jpg,hispa,,
2487,202488.jpg,hispa,,
2488,202489.jpg,dead_heart,,
2489,202490.jpg,brown_spot,,
2490,202491.jpg,tungro,,
2491,202492.jpg,dead_heart,,
2492,202493.jpg,hispa,,
2493,202494.jpg,normal,,
2494,202495.jpg,blast,,
2495,202496.jpg,blast,,
2496,202497.jpg,downy_mildew,,
2497,202498.jpg,tungro,,
2498,202499.jpg,blast,,
2499,202500.jpg,hispa,,
2500,202501.jpg,tungro,,
2501,202502.jpg,brown_spot,,
2502,202503.jpg,tungro,,
2503,202504.jpg,dead_heart,,
2504,202505.jpg,brown_spot,,
2505,202506.jpg,normal,,
2506,202507.jpg,brown_spot,,
2507,202508.jpg,downy_mildew,,
2508,202509.jpg,blast,,
2509,202510.jpg,downy_mildew,,
2510,202511.jpg,normal,,
2511,202512.jpg,blast,,
2512,202513.jpg,blast,,
2513,202514.jpg,normal,,
2514,202515.jpg,blast,,
2515,202516.jpg,blast,,
2516,202517.jpg,dead_heart,,
2517,202518.jpg,hispa,,
2518,202519.jpg,blast,,
2519,202520.jpg,normal,,
2520,202521.jpg,brown_spot,,
2521,202522.jpg,dead_heart,,
2522,202523.jpg,hispa,,
2523,202524.jpg,bacterial_leaf_blight,,
2524,202525.jpg,blast,,
2525,202526.jpg,blast,,
2526,202527.jpg,blast,,
2527,202528.jpg,normal,,
2528,202529.jpg,blast,,
2529,202530.jpg,bacterial_leaf_blight,,
2530,202531.jpg,hispa,,
2531,202532.jpg,tungro,,
2532,202533.jpg,normal,,
2533,202534.jpg,blast,,
2534,202535.jpg,dead_heart,,
2535,202536.jpg,brown_spot,,
2536,202537.jpg,tungro,,
2537,202538.jpg,normal,,
2538,202539.jpg,tungro,,
2539,202540.jpg,tungro,,
2540,202541.jpg,blast,,
2541,202542.jpg,normal,,
2542,202543.jpg,blast,,
2543,202544.jpg,normal,,
2544,202545.jpg,normal,,
2545,202546.jpg,hispa,,
2546,202547.jpg,hispa,,
2547,202548.jpg,dead_heart,,
2548,202549.jpg,dead_heart,,
2549,202550.jpg,blast,,
2550,202551.jpg,tungro,,
2551,202552.jpg,bacterial_leaf_blight,,
2552,202553.jpg,downy_mildew,,
2553,202554.jpg,normal,,
2554,202555.jpg,blast,,
2555,202556.jpg,hispa,,
2556,202557.jpg,downy_mildew,,
2557,202558.jpg,hispa,,
2558,202559.jpg,blast,,
2559,202560.jpg,blast,,
2560,202561.jpg,normal,,
2561,202562.jpg,blast,,
2562,202563.jpg,hispa,,
2563,202564.jpg,normal,,
2564,202565.jpg,blast,,
2565,202566.jpg,blast,,
2566,202567.jpg,normal,,
2567,202568.jpg,dead_heart,,
2568,202569.jpg,downy_mildew,,
2569,202570.jpg,dead_heart,,
2570,202571.jpg,dead_heart,,
2571,202572.jpg,brown_spot,,
2572,202573.jpg,normal,,
2573,202574.jpg,downy_mildew,,
2574,202575.jpg,brown_spot,,
2575,202576.jpg,dead_heart,,
2576,202577.jpg,normal,,
2577,202578.jpg,tungro,,
2578,202579.jpg,tungro,,
2579,202580.jpg,normal,,
2580,202581.jpg,normal,,
2581,202582.jpg,bacterial_leaf_blight,,
2582,202583.jpg,normal,,
2583,202584.jpg,dead_heart,,
2584,202585.jpg,tungro,,
2585,202586.jpg,blast,,
2586,202587.jpg,blast,,
2587,202588.jpg,downy_mildew,,
2588,202589.jpg,downy_mildew,,
2589,202590.jpg,blast,,
2590,202591.jpg,normal,,
2591,202592.jpg,blast,,
2592,202593.jpg,dead_heart,,
2593,202594.jpg,bacterial_leaf_streak,,
2594,202595.jpg,hispa,,
2595,202596.jpg,bacterial_leaf_blight,,
2596,202597.jpg,blast,,
2597,202598.jpg,dead_heart,,
2598,202599.jpg,downy_mildew,,
2599,202600.jpg,normal,,
2600,202601.jpg,brown_spot,,
2601,202602.jpg,blast,,
2602,202603.jpg,downy_mildew,,
2603,202604.jpg,blast,,
2604,202605.jpg,blast,,
2605,202606.jpg,tungro,,
2606,202607.jpg,hispa,,
2607,202608.jpg,hispa,,
2608,202609.jpg,hispa,,
2609,202610.jpg,hispa,,
2610,202611.jpg,hispa,,
2611,202612.jpg,tungro,,
2612,202613.jpg,dead_heart,,
2613,202614.jpg,blast,,
2614,202615.jpg,brown_spot,,
2615,202616.jpg,downy_mildew,,
2616,202617.jpg,dead_heart,,
2617,202618.jpg,brown_spot,,
2618,202619.jpg,dead_heart,,
2619,202620.jpg,hispa,,
2620,202621.jpg,blast,,
2621,202622.jpg,dead_heart,,
2622,202623.jpg,brown_spot,,
2623,202624.jpg,tungro,,
2624,202625.jpg,blast,,
2625,202626.jpg,brown_spot,,
2626,202627.jpg,tungro,,
2627,202628.jpg,normal,,
2628,202629.jpg,normal,,
2629,202630.jpg,downy_mildew,,
2630,202631.jpg,hispa,,
2631,202632.jpg,dead_heart,,
2632,202633.jpg,normal,,
2633,202634.jpg,dead_heart,,
2634,202635.jpg,dead_heart,,
2635,202636.jpg,hispa,,
2636,202637.jpg,tungro,,
2637,202638.jpg,dead_heart,,
2638,202639.jpg,brown_spot,,
2639,202640.jpg,bacterial_leaf_blight,,
2640,202641.jpg,bacterial_leaf_streak,,
2641,202642.jpg,downy_mildew,,
2642,202643.jpg,dead_heart,,
2643,202644.jpg,bacterial_panicle_blight,,
2644,202645.jpg,normal,,
2645,202646.jpg,tungro,,
2646,202647.jpg,hispa,,
2647,202648.jpg,blast,,
2648,202649.jpg,bacterial_leaf_blight,,
2649,202650.jpg,brown_spot,,
2650,202651.jpg,dead_heart,,
2651,202652.jpg,normal,,
2652,202653.jpg,normal,,
2653,202654.jpg,hispa,,
2654,202655.jpg,tungro,,
2655,202656.jpg,blast,,
2656,202657.jpg,dead_heart,,
2657,202658.jpg,bacterial_leaf_blight,,
2658,202659.jpg,normal,,
2659,202660.jpg,hispa,,
2660,202661.jpg,blast,,
2661,202662.jpg,normal,,
2662,202663.jpg,blast,,
2663,202664.jpg,bacterial_leaf_streak,,
2664,202665.jpg,blast,,
2665,202666.jpg,dead_heart,,
2666,202667.jpg,dead_heart,,
2667,202668.jpg,bacterial_leaf_streak,,
2668,202669.jpg,hispa,,
2669,202670.jpg,dead_heart,,
2670,202671.jpg,hispa,,
2671,202672.jpg,normal,,
2672,202673.jpg,blast,,
2673,202674.jpg,dead_heart,,
2674,202675.jpg,dead_heart,,
2675,202676.jpg,normal,,
2676,202677.jpg,blast,,
2677,202678.jpg,downy_mildew,,
2678,202679.jpg,tungro,,
2679,202680.jpg,blast,,
2680,202681.jpg,normal,,
2681,202682.jpg,blast,,
2682,202683.jpg,blast,,
2683,202684.jpg,normal,,
2684,202685.jpg,blast,,
2685,202686.jpg,normal,,
2686,202687.jpg,normal,,
2687,202688.jpg,normal,,
2688,202689.jpg,dead_heart,,
2689,202690.jpg,hispa,,
2690,202691.jpg,dead_heart,,
2691,202692.jpg,normal,,
2692,202693.jpg,dead_heart,,
2693,202694.jpg,hispa,,
2694,202695.jpg,hispa,,
2695,202696.jpg,hispa,,
2696,202697.jpg,downy_mildew,,
2697,202698.jpg,normal,,
2698,202699.jpg,dead_heart,,
2699,202700.jpg,tungro,,
2700,202701.jpg,hispa,,
2701,202702.jpg,downy_mildew,,
2702,202703.jpg,dead_heart,,
2703,202704.jpg,bacterial_leaf_streak,,
2704,202705.jpg,bacterial_panicle_blight,,
2705,202706.jpg,hispa,,
2706,202707.jpg,brown_spot,,
2707,202708.jpg,dead_heart,,
2708,202709.jpg,dead_heart,,
2709,202710.jpg,downy_mildew,,
2710,202711.jpg,dead_heart,,
2711,202712.jpg,hispa,,
2712,202713.jpg,blast,,
2713,202714.jpg,downy_mildew,,
2714,202715.jpg,normal,,
2715,202716.jpg,tungro,,
2716,202717.jpg,tungro,,
2717,202718.jpg,dead_heart,,
2718,202719.jpg,blast,,
2719,202720.jpg,hispa,,
2720,202721.jpg,brown_spot,,
2721,202722.jpg,normal,,
2722,202723.jpg,normal,,
2723,202724.jpg,dead_heart,,
2724,202725.jpg,hispa,,
2725,202726.jpg,hispa,,
2726,202727.jpg,bacterial_panicle_blight,,
2727,202728.jpg,brown_spot,,
2728,202729.jpg,hispa,,
2729,202730.jpg,hispa,,
2730,202731.jpg,dead_heart,,
2731,202732.jpg,normal,,
2732,202733.jpg,normal,,
2733,202734.jpg,normal,,
2734,202735.jpg,blast,,
2735,202736.jpg,tungro,,
2736,202737.jpg,bacterial_leaf_blight,,
2737,202738.jpg,normal,,
2738,202739.jpg,bacterial_leaf_streak,,
2739,202740.jpg,tungro,,
2740,202741.jpg,normal,,
2741,202742.jpg,dead_heart,,
2742,202743.jpg,normal,,
2743,202744.jpg,blast,,
2744,202745.jpg,blast,,
2745,202746.jpg,normal,,
2746,202747.jpg,normal,,
2747,202748.jpg,normal,,
2748,202749.jpg,normal,,
2749,202750.jpg,blast,,
2750,202751.jpg,blast,,
2751,202752.jpg,tungro,,
2752,202753.jpg,dead_heart,,
2753,202754.jpg,normal,,
2754,202755.jpg,hispa,,
2755,202756.jpg,blast,,
2756,202757.jpg,downy_mildew,,
2757,202758.jpg,tungro,,
2758,202759.jpg,hispa,,
2759,202760.jpg,hispa,,
2760,202761.jpg,blast,,
2761,202762.jpg,blast,,
2762,202763.jpg,blast,,
2763,202764.jpg,hispa,,
2764,202765.jpg,normal,,
2765,202766.jpg,blast,,
2766,202767.jpg,dead_heart,,
2767,202768.jpg,hispa,,
2768,202769.jpg,hispa,,
2769,202770.jpg,blast,,
2770,202771.jpg,brown_spot,,
2771,202772.jpg,blast,,
2772,202773.jpg,normal,,
2773,202774.jpg,normal,,
2774,202775.jpg,blast,,
2775,202776.jpg,blast,,
2776,202777.jpg,bacterial_leaf_blight,,
2777,202778.jpg,hispa,,
2778,202779.jpg,blast,,
2779,202780.jpg,bacterial_leaf_blight,,
2780,202781.jpg,brown_spot,,
2781,202782.jpg,tungro,,
2782,202783.jpg,hispa,,
2783,202784.jpg,normal,,
2784,202785.jpg,hispa,,
2785,202786.jpg,brown_spot,,
2786,202787.jpg,blast,,
2787,202788.jpg,dead_heart,,
2788,202789.jpg,blast,,
2789,202790.jpg,tungro,,
2790,202791.jpg,hispa,,
2791,202792.jpg,brown_spot,,
2792,202793.jpg,normal,,
2793,202794.jpg,normal,,
2794,202795.jpg,blast,,
2795,202796.jpg,normal,,
2796,202797.jpg,bacterial_panicle_blight,,
2797,202798.jpg,normal,,
2798,202799.jpg,blast,,
2799,202800.jpg,hispa,,
2800,202801.jpg,normal,,
2801,202802.jpg,hispa,,
2802,202803.jpg,dead_heart,,
2803,202804.jpg,hispa,,
2804,202805.jpg,bacterial_panicle_blight,,
2805,202806.jpg,normal,,
2806,202807.jpg,brown_spot,,
2807,202808.jpg,bacterial_panicle_blight,,
2808,202809.jpg,downy_mildew,,
2809,202810.jpg,hispa,,
2810,202811.jpg,blast,,
2811,202812.jpg,tungro,,
2812,202813.jpg,normal,,
2813,202814.jpg,blast,,
2814,202815.jpg,hispa,,
2815,202816.jpg,normal,,
2816,202817.jpg,bacterial_leaf_blight,,
2817,202818.jpg,dead_heart,,
2818,202819.jpg,normal,,
2819,202820.jpg,brown_spot,,
2820,202821.jpg,brown_spot,,
2821,202822.jpg,downy_mildew,,
2822,202823.jpg,dead_heart,,
2823,202824.jpg,blast,,
2824,202825.jpg,hispa,,
2825,202826.jpg,dead_heart,,
2826,202827.jpg,blast,,
2827,202828.jpg,normal,,
2828,202829.jpg,hispa,,
2829,202830.jpg,bacterial_panicle_blight,,
2830,202831.jpg,normal,,
2831,202832.jpg,hispa,,
2832,202833.jpg,brown_spot,,
2833,202834.jpg,tungro,,
2834,202835.jpg,blast,,
2835,202836.jpg,blast,,
2836,202837.jpg,hispa,,
2837,202838.jpg,dead_heart,,
2838,202839.jpg,downy_mildew,,
2839,202840.jpg,dead_heart,,
2840,202841.jpg,hispa,,
2841,202842.jpg,blast,,
2842,202843.jpg,normal,,
2843,202844.jpg,blast,,
2844,202845.jpg,tungro,,
2845,202846.jpg,blast,,
2846,202847.jpg,downy_mildew,,
2847,202848.jpg,brown_spot,,
2848,202849.jpg,normal,,
2849,202850.jpg,normal,,
2850,202851.jpg,tungro,,
2851,202852.jpg,normal,,
2852,202853.jpg,dead_heart,,
2853,202854.jpg,hispa,,
2854,202855.jpg,bacterial_leaf_blight,,
2855,202856.jpg,tungro,,
2856,202857.jpg,hispa,,
2857,202858.jpg,tungro,,
2858,202859.jpg,normal,,
2859,202860.jpg,normal,,
2860,202861.jpg,bacterial_panicle_blight,,
2861,202862.jpg,blast,,
2862,202863.jpg,blast,,
2863,202864.jpg,tungro,,
2864,202865.jpg,hispa,,
2865,202866.jpg,blast,,
2866,202867.jpg,tungro,,
2867,202868.jpg,bacterial_leaf_blight,,
2868,202869.jpg,dead_heart,,
2869,202870.jpg,hispa,,
2870,202871.jpg,tungro,,
2871,202872.jpg,blast,,
2872,202873.jpg,hispa,,
2873,202874.jpg,dead_heart,,
2874,202875.jpg,dead_heart,,
2875,202876.jpg,normal,,
2876,202877.jpg,dead_heart,,
2877,202878.jpg,hispa,,
2878,202879.jpg,normal,,
2879,202880.jpg,dead_heart,,
2880,202881.jpg,blast,,
2881,202882.jpg,dead_heart,,
2882,202883.jpg,dead_heart,,
2883,202884.jpg,dead_heart,,
2884,202885.jpg,tungro,,
2885,202886.jpg,dead_heart,,
2886,202887.jpg,normal,,
2887,202888.jpg,hispa,,
2888,202889.jpg,bacterial_panicle_blight,,
2889,202890.jpg,normal,,
2890,202891.jpg,tungro,,
2891,202892.jpg,hispa,,
2892,202893.jpg,blast,,
2893,202894.jpg,normal,,
2894,202895.jpg,downy_mildew,,
2895,202896.jpg,dead_heart,,
2896,202897.jpg,dead_heart,,
2897,202898.jpg,tungro,,
2898,202899.jpg,blast,,
2899,202900.jpg,bacterial_leaf_streak,,
2900,202901.jpg,dead_heart,,
2901,202902.jpg,bacterial_panicle_blight,,
2902,202903.jpg,hispa,,
2903,202904.jpg,tungro,,
2904,202905.jpg,hispa,,
2905,202906.jpg,dead_heart,,
2906,202907.jpg,bacterial_panicle_blight,,
2907,202908.jpg,normal,,
2908,202909.jpg,blast,,
2909,202910.jpg,dead_heart,,
2910,202911.jpg,blast,,
2911,202912.jpg,tungro,,
2912,202913.jpg,tungro,,
2913,202914.jpg,blast,,
2914,202915.jpg,dead_heart,,
2915,202916.jpg,brown_spot,,
2916,202917.jpg,hispa,,
2917,202918.jpg,hispa,,
2918,202919.jpg,hispa,,
2919,202920.jpg,normal,,
2920,202921.jpg,normal,,
2921,202922.jpg,tungro,,
2922,202923.jpg,dead_heart,,
2923,202924.jpg,brown_spot,,
2924,202925.jpg,dead_heart,,
2925,202926.jpg,dead_heart,,
2926,202927.jpg,dead_heart,,
2927,202928.jpg,normal,,
2928,202929.jpg,hispa,,
2929,202930.jpg,dead_heart,,
2930,202931.jpg,downy_mildew,,
2931,202932.jpg,blast,,
2932,202933.jpg,tungro,,
2933,202934.jpg,brown_spot,,
2934,202935.jpg,brown_spot,,
2935,202936.jpg,brown_spot,,
2936,202937.jpg,dead_heart,,
2937,202938.jpg,tungro,,
2938,202939.jpg,blast,,
2939,202940.jpg,dead_heart,,
2940,202941.jpg,brown_spot,,
2941,202942.jpg,hispa,,
2942,202943.jpg,hispa,,
2943,202944.jpg,blast,,
2944,202945.jpg,normal,,
2945,202946.jpg,brown_spot,,
2946,202947.jpg,dead_heart,,
2947,202948.jpg,blast,,
2948,202949.jpg,brown_spot,,
2949,202950.jpg,brown_spot,,
2950,202951.jpg,blast,,
2951,202952.jpg,hispa,,
2952,202953.jpg,bacterial_panicle_blight,,
2953,202954.jpg,brown_spot,,
2954,202955.jpg,hispa,,
2955,202956.jpg,blast,,
2956,202957.jpg,normal,,
2957,202958.jpg,normal,,
2958,202959.jpg,normal,,
2959,202960.jpg,dead_heart,,
2960,202961.jpg,hispa,,
2961,202962.jpg,tungro,,
2962,202963.jpg,dead_heart,,
2963,202964.jpg,normal,,
2964,202965.jpg,normal,,
2965,202966.jpg,tungro,,
2966,202967.jpg,blast,,
2967,202968.jpg,hispa,,
2968,202969.jpg,blast,,
2969,202970.jpg,normal,,
2970,202971.jpg,dead_heart,,
2971,202972.jpg,bacterial_leaf_streak,,
2972,202973.jpg,downy_mildew,,
2973,202974.jpg,blast,,
2974,202975.jpg,normal,,
2975,202976.jpg,hispa,,
2976,202977.jpg,normal,,
2977,202978.jpg,blast,,
2978,202979.jpg,brown_spot,,
2979,202980.jpg,hispa,,
2980,202981.jpg,dead_heart,,
2981,202982.jpg,tungro,,
2982,202983.jpg,blast,,
2983,202984.jpg,brown_spot,,
2984,202985.jpg,bacterial_leaf_streak,,
2985,202986.jpg,hispa,,
2986,202987.jpg,normal,,
2987,202988.jpg,dead_heart,,
2988,202989.jpg,hispa,,
2989,202990.jpg,normal,,
2990,202991.jpg,normal,,
2991,202992.jpg,dead_heart,,
2992,202993.jpg,hispa,,
2993,202994.jpg,blast,,
2994,202995.jpg,brown_spot,,
2995,202996.jpg,downy_mildew,,
2996,202997.jpg,downy_mildew,,
2997,202998.jpg,dead_heart,,
2998,202999.jpg,blast,,
2999,203000.jpg,blast,,
3000,203001.jpg,bacterial_panicle_blight,,
3001,203002.jpg,normal,,
3002,203003.jpg,tungro,,
3003,203004.jpg,tungro,,
3004,203005.jpg,dead_heart,,
3005,203006.jpg,bacterial_panicle_blight,,
3006,203007.jpg,downy_mildew,,
3007,203008.jpg,downy_mildew,,
3008,203009.jpg,tungro,,
3009,203010.jpg,blast,,
3010,203011.jpg,dead_heart,,
3011,203012.jpg,blast,,
3012,203013.jpg,hispa,,
3013,203014.jpg,downy_mildew,,
3014,203015.jpg,blast,,
3015,203016.jpg,brown_spot,,
3016,203017.jpg,bacterial_panicle_blight,,
3017,203018.jpg,tungro,,
3018,203019.jpg,hispa,,
3019,203020.jpg,bacterial_leaf_blight,,
3020,203021.jpg,normal,,
3021,203022.jpg,tungro,,
3022,203023.jpg,hispa,,
3023,203024.jpg,blast,,
3024,203025.jpg,dead_heart,,
3025,203026.jpg,blast,,
3026,203027.jpg,blast,,
3027,203028.jpg,blast,,
3028,203029.jpg,blast,,
3029,203030.jpg,blast,,
3030,203031.jpg,bacterial_leaf_streak,,
3031,203032.jpg,hispa,,
3032,203033.jpg,normal,,
3033,203034.jpg,hispa,,
3034,203035.jpg,bacterial_leaf_blight,,
3035,203036.jpg,dead_heart,,
3036,203037.jpg,bacterial_panicle_blight,,
3037,203038.jpg,dead_heart,,
3038,203039.jpg,normal,,
3039,203040.jpg,bacterial_leaf_streak,,
3040,203041.jpg,bacterial_panicle_blight,,
3041,203042.jpg,normal,,
3042,203043.jpg,downy_mildew,,
3043,203044.jpg,blast,,
3044,203045.jpg,blast,,
3045,203046.jpg,tungro,,
3046,203047.jpg,normal,,
3047,203048.jpg,downy_mildew,,
3048,203049.jpg,hispa,,
3049,203050.jpg,hispa,,
3050,203051.jpg,brown_spot,,
3051,203052.jpg,blast,,
3052,203053.jpg,hispa,,
3053,203054.jpg,normal,,
3054,203055.jpg,dead_heart,,
3055,203056.jpg,hispa,,
3056,203057.jpg,blast,,
3057,203058.jpg,normal,,
3058,203059.jpg,bacterial_panicle_blight,,
3059,203060.jpg,normal,,
3060,203061.jpg,hispa,,
3061,203062.jpg,dead_heart,,
3062,203063.jpg,normal,,
3063,203064.jpg,hispa,,
3064,203065.jpg,brown_spot,,
3065,203066.jpg,hispa,,
3066,203067.jpg,dead_heart,,
3067,203068.jpg,normal,,
3068,203069.jpg,tungro,,
3069,203070.jpg,blast,,
3070,203071.jpg,blast,,
3071,203072.jpg,tungro,,
3072,203073.jpg,hispa,,
3073,203074.jpg,tungro,,
3074,203075.jpg,blast,,
3075,203076.jpg,blast,,
3076,203077.jpg,hispa,,
3077,203078.jpg,blast,,
3078,203079.jpg,hispa,,
3079,203080.jpg,normal,,
3080,203081.jpg,bacterial_leaf_streak,,
3081,203082.jpg,normal,,
3082,203083.jpg,hispa,,
3083,203084.jpg,tungro,,
3084,203085.jpg,hispa,,
3085,203086.jpg,hispa,,
3086,203087.jpg,dead_heart,,
3087,203088.jpg,blast,,
3088,203089.jpg,hispa,,
3089,203090.jpg,normal,,
3090,203091.jpg,dead_heart,,
3091,203092.jpg,normal,,
3092,203093.jpg,blast,,
3093,203094.jpg,hispa,,
3094,203095.jpg,hispa,,
3095,203096.jpg,blast,,
3096,203097.jpg,blast,,
3097,203098.jpg,tungro,,
3098,203099.jpg,bacterial_panicle_blight,,
3099,203100.jpg,normal,,
3100,203101.jpg,normal,,
3101,203102.jpg,blast,,
3102,203103.jpg,brown_spot,,
3103,203104.jpg,dead_heart,,
3104,203105.jpg,normal,,
3105,203106.jpg,downy_mildew,,
3106,203107.jpg,dead_heart,,
3107,203108.jpg,brown_spot,,
3108,203109.jpg,hispa,,
3109,203110.jpg,dead_heart,,
3110,203111.jpg,blast,,
3111,203112.jpg,dead_heart,,
3112,203113.jpg,blast,,
3113,203114.jpg,brown_spot,,
3114,203115.jpg,hispa,,
3115,203116.jpg,bacterial_panicle_blight,,
3116,203117.jpg,downy_mildew,,
3117,203118.jpg,blast,,
3118,203119.jpg,dead_heart,,
3119,203120.jpg,dead_heart,,
3120,203121.jpg,normal,,
3121,203122.jpg,bacterial_panicle_blight,,
3122,203123.jpg,hispa,,
3123,203124.jpg,tungro,,
3124,203125.jpg,dead_heart,,
3125,203126.jpg,normal,,
3126,203127.jpg,normal,,
3127,203128.jpg,blast,,
3128,203129.jpg,brown_spot,,
3129,203130.jpg,blast,,
3130,203131.jpg,bacterial_leaf_streak,,
3131,203132.jpg,brown_spot,,
3132,203133.jpg,bacterial_leaf_blight,,
3133,203134.jpg,hispa,,
3134,203135.jpg,dead_heart,,
3135,203136.jpg,hispa,,
3136,203137.jpg,bacterial_panicle_blight,,
3137,203138.jpg,hispa,,
3138,203139.jpg,blast,,
3139,203140.jpg,dead_heart,,
3140,203141.jpg,hispa,,
3141,203142.jpg,downy_mildew,,
3142,203143.jpg,dead_heart,,
3143,203144.jpg,blast,,
3144,203145.jpg,normal,,
3145,203146.jpg,hispa,,
3146,203147.jpg,blast,,
3147,203148.jpg,bacterial_leaf_streak,,
3148,203149.jpg,blast,,
3149,203150.jpg,blast,,
3150,203151.jpg,brown_spot,,
3151,203152.jpg,dead_heart,,
3152,203153.jpg,tungro,,
3153,203154.jpg,tungro,,
3154,203155.jpg,normal,,
3155,203156.jpg,blast,,
3156,203157.jpg,tungro,,
3157,203158.jpg,downy_mildew,,
3158,203159.jpg,bacterial_panicle_blight,,
3159,203160.jpg,normal,,
3160,203161.jpg,blast,,
3161,203162.jpg,dead_heart,,
3162,203163.jpg,tungro,,
3163,203164.jpg,dead_heart,,
3164,203165.jpg,blast,,
3165,203166.jpg,hispa,,
3166,203167.jpg,normal,,
3167,203168.jpg,hispa,,
3168,203169.jpg,normal,,
3169,203170.jpg,hispa,,
3170,203171.jpg,dead_heart,,
3171,203172.jpg,dead_heart,,
3172,203173.jpg,blast,,
3173,203174.jpg,dead_heart,,
3174,203175.jpg,normal,,
3175,203176.jpg,bacterial_leaf_blight,,
3176,203177.jpg,brown_spot,,
3177,203178.jpg,blast,,
3178,203179.jpg,dead_heart,,
3179,203180.jpg,hispa,,
3180,203181.jpg,blast,,
3181,203182.jpg,hispa,,
3182,203183.jpg,hispa,,
3183,203184.jpg,brown_spot,,
3184,203185.jpg,brown_spot,,
3185,203186.jpg,blast,,
3186,203187.jpg,normal,,
3187,203188.jpg,blast,,
3188,203189.jpg,brown_spot,,
3189,203190.jpg,blast,,
3190,203191.jpg,dead_heart,,
3191,203192.jpg,blast,,
3192,203193.jpg,hispa,,
3193,203194.jpg,normal,,
3194,203195.jpg,dead_heart,,
3195,203196.jpg,blast,,
3196,203197.jpg,dead_heart,,
3197,203198.jpg,normal,,
3198,203199.jpg,hispa,,
3199,203200.jpg,normal,,
3200,203201.jpg,hispa,,
3201,203202.jpg,dead_heart,,
3202,203203.jpg,dead_heart,,
3203,203204.jpg,normal,,
3204,203205.jpg,brown_spot,,
3205,203206.jpg,blast,,
3206,203207.jpg,brown_spot,,
3207,203208.jpg,normal,,
3208,203209.jpg,downy_mildew,,
3209,203210.jpg,blast,,
3210,203211.jpg,brown_spot,,
3211,203212.jpg,normal,,
3212,203213.jpg,hispa,,
3213,203214.jpg,hispa,,
3214,203215.jpg,brown_spot,,
3215,203216.jpg,bacterial_panicle_blight,,
3216,203217.jpg,blast,,
3217,203218.jpg,brown_spot,,
3218,203219.jpg,dead_heart,,
3219,203220.jpg,normal,,
3220,203221.jpg,blast,,
3221,203222.jpg,hispa,,
3222,203223.jpg,blast,,
3223,203224.jpg,blast,,
3224,203225.jpg,brown_spot,,
3225,203226.jpg,tungro,,
3226,203227.jpg,bacterial_leaf_blight,,
3227,203228.jpg,normal,,
3228,203229.jpg,brown_spot,,
3229,203230.jpg,downy_mildew,,
3230,203231.jpg,dead_heart,,
3231,203232.jpg,brown_spot,,
3232,203233.jpg,dead_heart,,
3233,203234.jpg,tungro,,
3234,203235.jpg,hispa,,
3235,203236.jpg,dead_heart,,
3236,203237.jpg,hispa,,
3237,203238.jpg,normal,,
3238,203239.jpg,bacterial_leaf_blight,,
3239,203240.jpg,dead_heart,,
3240,203241.jpg,blast,,
3241,203242.jpg,blast,,
3242,203243.jpg,brown_spot,,
3243,203244.jpg,normal,,
3244,203245.jpg,blast,,
3245,203246.jpg,blast,,
3246,203247.jpg,blast,,
3247,203248.jpg,normal,,
3248,203249.jpg,normal,,
3249,203250.jpg,tungro,,
3250,203251.jpg,hispa,,
3251,203252.jpg,dead_heart,,
3252,203253.jpg,hispa,,
3253,203254.jpg,brown_spot,,
3254,203255.jpg,blast,,
3255,203256.jpg,normal,,
3256,203257.jpg,hispa,,
3257,203258.jpg,blast,,
3258,203259.jpg,tungro,,
3259,203260.jpg,hispa,,
3260,203261.jpg,hispa,,
3261,203262.jpg,blast,,
3262,203263.jpg,blast,,
3263,203264.jpg,normal,,
3264,203265.jpg,dead_heart,,
3265,203266.jpg,brown_spot,,
3266,203267.jpg,bacterial_panicle_blight,,
3267,203268.jpg,downy_mildew,,
3268,203269.jpg,normal,,
3269,203270.jpg,normal,,
3270,203271.jpg,hispa,,
3271,203272.jpg,normal,,
3272,203273.jpg,hispa,,
3273,203274.jpg,normal,,
3274,203275.jpg,brown_spot,,
3275,203276.jpg,blast,,
3276,203277.jpg,brown_spot,,
3277,203278.jpg,tungro,,
3278,203279.jpg,brown_spot,,
3279,203280.jpg,tungro,,
3280,203281.jpg,dead_heart,,
3281,203282.jpg,hispa,,
3282,203283.jpg,normal,,
3283,203284.jpg,normal,,
3284,203285.jpg,normal,,
3285,203286.jpg,blast,,
3286,203287.jpg,normal,,
3287,203288.jpg,bacterial_panicle_blight,,
3288,203289.jpg,blast,,
3289,203290.jpg,brown_spot,,
3290,203291.jpg,tungro,,
3291,203292.jpg,normal,,
3292,203293.jpg,brown_spot,,
3293,203294.jpg,blast,,
3294,203295.jpg,hispa,,
3295,203296.jpg,dead_heart,,
3296,203297.jpg,downy_mildew,,
3297,203298.jpg,bacterial_leaf_blight,,
3298,203299.jpg,tungro,,
3299,203300.jpg,dead_heart,,
3300,203301.jpg,blast,,
3301,203302.jpg,dead_heart,,
3302,203303.jpg,dead_heart,,
3303,203304.jpg,blast,,
3304,203305.jpg,normal,,
3305,203306.jpg,dead_heart,,
3306,203307.jpg,blast,,
3307,203308.jpg,dead_heart,,
3308,203309.jpg,normal,,
3309,203310.jpg,bacterial_leaf_blight,,
3310,203311.jpg,dead_heart,,
3311,203312.jpg,normal,,
3312,203313.jpg,normal,,
3313,203314.jpg,normal,,
3314,203315.jpg,blast,,
3315,203316.jpg,hispa,,
3316,203317.jpg,hispa,,
3317,203318.jpg,hispa,,
3318,203319.jpg,dead_heart,,
3319,203320.jpg,hispa,,
3320,203321.jpg,blast,,
3321,203322.jpg,hispa,,
3322,203323.jpg,downy_mildew,,
3323,203324.jpg,bacterial_leaf_streak,,
3324,203325.jpg,normal,,
3325,203326.jpg,dead_heart,,
3326,203327.jpg,bacterial_leaf_streak,,
3327,203328.jpg,brown_spot,,
3328,203329.jpg,dead_heart,,
3329,203330.jpg,downy_mildew,,
3330,203331.jpg,downy_mildew,,
3331,203332.jpg,downy_mildew,,
3332,203333.jpg,dead_heart,,
3333,203334.jpg,normal,,
3334,203335.jpg,bacterial_leaf_blight,,
3335,203336.jpg,normal,,
3336,203337.jpg,dead_heart,,
3337,203338.jpg,blast,,
3338,203339.jpg,hispa,,
3339,203340.jpg,brown_spot,,
3340,203341.jpg,blast,,
3341,203342.jpg,blast,,
3342,203343.jpg,bacterial_panicle_blight,,
3343,203344.jpg,hispa,,
3344,203345.jpg,blast,,
3345,203346.jpg,hispa,,
3346,203347.jpg,normal,,
3347,203348.jpg,dead_heart,,
3348,203349.jpg,blast,,
3349,203350.jpg,normal,,
3350,203351.jpg,tungro,,
3351,203352.jpg,blast,,
3352,203353.jpg,dead_heart,,
3353,203354.jpg,blast,,
3354,203355.jpg,normal,,
3355,203356.jpg,tungro,,
3356,203357.jpg,downy_mildew,,
3357,203358.jpg,blast,,
3358,203359.jpg,bacterial_leaf_blight,,
3359,203360.jpg,tungro,,
3360,203361.jpg,hispa,,
3361,203362.jpg,normal,,
3362,203363.jpg,tungro,,
3363,203364.jpg,blast,,
3364,203365.jpg,normal,,
3365,203366.jpg,dead_heart,,
3366,203367.jpg,hispa,,
3367,203368.jpg,downy_mildew,,
3368,203369.jpg,bacterial_panicle_blight,,
3369,203370.jpg,brown_spot,,
3370,203371.jpg,downy_mildew,,
3371,203372.jpg,hispa,,
3372,203373.jpg,blast,,
3373,203374.jpg,normal,,
3374,203375.jpg,tungro,,
3375,203376.jpg,bacterial_leaf_streak,,
3376,203377.jpg,brown_spot,,
3377,203378.jpg,normal,,
3378,203379.jpg,dead_heart,,
3379,203380.jpg,blast,,
3380,203381.jpg,blast,,
3381,203382.jpg,bacterial_leaf_streak,,
3382,203383.jpg,dead_heart,,
3383,203384.jpg,normal,,
3384,203385.jpg,brown_spot,,
3385,203386.jpg,downy_mildew,,
3386,203387.jpg,blast,,
3387,203388.jpg,blast,,
3388,203389.jpg,hispa,,
3389,203390.jpg,normal,,
3390,203391.jpg,normal,,
3391,203392.jpg,blast,,
3392,203393.jpg,brown_spot,,
3393,203394.jpg,hispa,,
3394,203395.jpg,normal,,
3395,203396.jpg,bacterial_leaf_blight,,
3396,203397.jpg,tungro,,
3397,203398.jpg,hispa,,
3398,203399.jpg,hispa,,
3399,203400.jpg,tungro,,
3400,203401.jpg,dead_heart,,
3401,203402.jpg,blast,,
3402,203403.jpg,tungro,,
3403,203404.jpg,blast,,
3404,203405.jpg,blast,,
3405,203406.jpg,blast,,
3406,203407.jpg,bacterial_leaf_blight,,
3407,203408.jpg,hispa,,
3408,203409.jpg,dead_heart,,
3409,203410.jpg,hispa,,
3410,203411.jpg,blast,,
3411,203412.jpg,hispa,,
3412,203413.jpg,normal,,
3413,203414.jpg,blast,,
3414,203415.jpg,hispa,,
3415,203416.jpg,brown_spot,,
3416,203417.jpg,normal,,
3417,203418.jpg,bacterial_panicle_blight,,
3418,203419.jpg,brown_spot,,
3419,203420.jpg,normal,,
3420,203421.jpg,normal,,
3421,203422.jpg,normal,,
3422,203423.jpg,tungro,,
3423,203424.jpg,blast,,
3424,203425.jpg,normal,,
3425,203426.jpg,normal,,
3426,203427.jpg,brown_spot,,
3427,203428.jpg,downy_mildew,,
3428,203429.jpg,normal,,
3429,203430.jpg,downy_mildew,,
3430,203431.jpg,dead_heart,,
3431,203432.jpg,brown_spot,,
3432,203433.jpg,dead_heart,,
3433,203434.jpg,tungro,,
3434,203435.jpg,normal,,
3435,203436.jpg,bacterial_leaf_blight,,
3436,203437.jpg,hispa,,
3437,203438.jpg,hispa,,
3438,203439.jpg,brown_spot,,
3439,203440.jpg,blast,,
3440,203441.jpg,bacterial_leaf_streak,,
3441,203442.jpg,blast,,
3442,203443.jpg,bacterial_leaf_blight,,
3443,203444.jpg,hispa,,
3444,203445.jpg,dead_heart,,
3445,203446.jpg,tungro,,
3446,203447.jpg,normal,,
3447,203448.jpg,brown_spot,,
3448,203449.jpg,hispa,,
3449,203450.jpg,normal,,
3450,203451.jpg,hispa,,
3451,203452.jpg,dead_heart,,
3452,203453.jpg,downy_mildew,,
3453,203454.jpg,dead_heart,,
3454,203455.jpg,hispa,,
3455,203456.jpg,tungro,,
3456,203457.jpg,brown_spot,,
3457,203458.jpg,blast,,
3458,203459.jpg,normal,,
3459,203460.jpg,normal,,
3460,203461.jpg,normal,,
3461,203462.jpg,bacterial_panicle_blight,,
3462,203463.jpg,dead_heart,,
3463,203464.jpg,blast,,
3464,203465.jpg,dead_heart,,
3465,203466.jpg,hispa,,
3466,203467.jpg,normal,,
3467,203468.jpg,blast,,
3468,203469.jpg,dead_heart,,
